rollout/ep_len_mean,time/time_elapsed,time/fps,time/total_timesteps,rollout/ep_rew_mean,time/iterations,train/clip_fraction,train/n_updates,train/clip_range,train/value_loss,train/loss,train/learning_rate,train/policy_gradient_loss,train/entropy_loss,train/std,train/approx_kl,train/explained_variance
97.6,0,3438,2885632,241.85911586892257,1,,,,,,,,,,,
98.04,1,3366,2887680,243.34788797405324,2,0.24348958333333334,2480,0.2,58.21699651082357,30.991748809814453,0.0001,0.013476100750267506,32.096920013427734,0.07999999076128006,0.018179404,0.9530032277107239
97.07,1,3410,2889728,240.43864980074915,3,0.2838541666666667,2481,0.2,30.56763521830241,14.195547103881836,0.0001,0.025895026822884876,32.096920013427734,0.07999999076128006,0.03442254,0.9920609593391418
97.67,2,3429,2891776,241.8922109594883,4,0.23307291666666666,2482,0.2,63.9500986735026,34.58380889892578,0.0001,0.02354376980413993,32.096920013427734,0.07999999076128006,0.01708937,0.9736291766166687
97.24,2,3448,2893824,240.5286029800986,5,0.28125,2483,0.2,60.01171875,30.25922393798828,0.0001,0.004009743531545003,32.096920013427734,0.07999999076128006,0.023459995,0.9782975316047668
98.9,3,3459,2895872,245.18245607471155,6,0.17708333333333334,2484,0.2,50.874680836995445,25.163223266601562,0.0001,-0.003363488552471002,32.096920013427734,0.07999999076128006,0.012592443,0.9854454398155212
100.5,4,3468,2897920,249.61211689386724,7,0.2109375,2485,0.2,67.0572738647461,36.171871185302734,0.0001,0.01606710224101941,32.096920013427734,0.07999999076128006,0.016291194,0.9711940288543701
99.44,4,3475,2899968,246.83551031436934,8,0.2333984375,2486,0.2,49.78069496154785,23.67568016052246,0.0001,0.008609584998339415,32.096920013427734,0.07999999076128006,0.017209832,0.9810348749160767
99.99,5,3477,2902016,248.55801687908533,9,0.23939732142857142,2487,0.2,65.4202651977539,34.91689682006836,0.0001,0.009529866145125456,32.096920013427734,0.07999999076128006,0.017270293,0.9792018532752991
100.98,5,3480,2904064,251.28023089700397,10,0.203125,2488,0.2,75.14079856872559,42.17929458618164,0.0001,0.012797277886420488,32.096920013427734,0.07999999076128006,0.0151825,0.9734596014022827
100.01,6,3480,2906112,248.33416654038203,11,0.2608506944444444,2490,0.2,80.40077633327908,38.65679168701172,0.0001,0.013751908567630582,32.096920013427734,0.07999999076128006,0.035839766,0.9710187911987305
99.3,7,3483,2908160,246.54528069700092,12,0.216796875,2491,0.2,63.63246250152588,29.636577606201172,0.0001,0.009531289339065552,32.096920013427734,0.07999999076128006,0.016381476,0.978091299533844
99.15,7,3483,2910208,245.66759308660056,13,0.22981770833333334,2492,0.2,55.408400217692055,24.856111526489258,0.0001,0.012079223369558653,32.096920013427734,0.07999999076128006,0.017370543,0.9814983606338501
96.91,8,3484,2912256,239.42333104717028,14,0.255859375,2493,0.2,61.69129180908203,36.65938186645508,0.0001,0.01558828866109252,32.096920013427734,0.07999999076128006,0.019925794,0.9786961674690247
97.86,8,3486,2914304,241.98518026191073,15,0.21875,2494,0.2,83.01319885253906,49.78916931152344,0.0001,0.014953914796933532,32.096920013427734,0.07999999076128006,0.018044755,0.9656193256378174
95.96,9,3488,2916352,236.3553278160486,16,0.22395833333333334,2495,0.2,34.8901252746582,16.98081398010254,0.0001,0.008588767300049463,32.096920013427734,0.07999999076128006,0.01686587,0.9874640703201294
97.54,9,3488,2918400,240.6669164364761,17,0.21875,2496,0.2,58.36453342437744,30.340194702148438,0.0001,0.01679986296221614,32.096920013427734,0.07999999076128006,0.017142273,0.9778668284416199
98.81,10,3491,2920448,243.59438191111946,18,0.20390625,2497,0.2,58.404615783691405,27.700836181640625,0.0001,0.011081338115036487,32.096920013427734,0.07999999076128006,0.015593648,0.9754235744476318
99.29,11,3475,2922496,244.4587059023691,19,0.208984375,2498,0.2,33.26268005371094,16.529823303222656,0.0001,0.012548524886369705,32.096920013427734,0.07999999076128006,0.019097291,0.989981472492218
99.41,11,3476,2924544,243.8305007118927,20,0.21875,2499,0.2,63.12679100036621,31.452211380004883,0.0001,0.018779143458232284,32.096920013427734,0.07999999076128006,0.021910168,0.9764501452445984
98.97,12,3478,2926592,241.57305619697064,21,0.19140625,2500,0.2,39.84593200683594,17.127017974853516,0.0001,0.013801418244838715,32.096920013427734,0.07999999076128006,0.014865577,0.9872738718986511
98.34,12,3480,2928640,239.44849532687195,22,0.25390625,2501,0.2,81.24921417236328,26.903579711914062,0.0001,0.016490249428898096,32.096920013427734,0.07999999076128006,0.020050839,0.9763320088386536
98.76,13,3479,2930688,239.35625045249978,23,0.2171875,2502,0.2,43.52536392211914,18.66631317138672,0.0001,0.01108720749616623,32.096920013427734,0.07999999076128006,0.015706342,0.9799200296401978
98.45,14,3481,2932736,238.66921250739054,24,0.2470703125,2503,0.2,46.392595291137695,24.47890853881836,0.0001,0.019490113481879234,32.096920013427734,0.07999999076128006,0.021013744,0.9861592650413513
98.44,14,3480,2934784,238.65274632840976,25,0.24441964285714285,2504,0.2,112.20677621023995,37.920108795166016,0.0001,0.004532132962984698,32.096920013427734,0.07999999076128006,0.018232035,0.9546339511871338
99.7,15,3478,2936832,241.97699866964228,26,0.28267045454545453,2506,0.2,57.40934961492365,26.611494064331055,0.0001,0.004678836346349933,32.096920013427734,0.07999999076128006,0.03034282,0.975685179233551
99.67,15,3479,2938880,241.6101099764537,27,0.18619791666666666,2507,0.2,78.64499409993489,44.60193634033203,0.0001,0.011256156023591757,32.096920013427734,0.07999999076128006,0.014704652,0.9747625589370728
97.02,16,3479,2940928,234.97225442845257,28,0.2216796875,2508,0.2,86.01451301574707,56.225364685058594,0.0001,0.012816214933991432,32.096920013427734,0.07999999076128006,0.016142193,0.9610324501991272
95.93,17,3479,2942976,230.85063094747053,29,0.18033854166666666,2509,0.2,76.2606938680013,31.765661239624023,0.0001,0.003231260304649671,32.096920013427734,0.07999999076128006,0.013845337,0.9763063788414001
94.17,17,3479,2945024,225.78443061694568,30,0.17513020833333334,2510,0.2,38.638471603393555,19.59296417236328,0.0001,0.0057515196191767854,32.096920013427734,0.07999999076128006,0.013448093,0.9875817894935608
92.15,18,3473,2947072,220.7118681513538,31,0.232421875,2511,0.2,75.64752006530762,31.02157974243164,0.0001,0.013110766420140862,32.096920013427734,0.07999999076128006,0.017229274,0.9732649922370911
92.44,18,3469,2949120,222.15476120257236,32,0.24739583333333334,2512,0.2,89.10614522298177,68.02233123779297,0.0001,0.003046712682892879,32.096920013427734,0.07999999076128006,0.018451208,0.9542328715324402
92.58,19,3469,2951168,222.891095675267,33,0.21614583333333334,2513,0.2,57.878640492757164,28.320825576782227,0.0001,0.002199990674853325,32.096920013427734,0.07999999076128006,0.014347103,0.9779656529426575
89.18,20,3469,2953216,214.02945825481203,34,0.2236328125,2514,0.2,118.9591178894043,70.48538970947266,0.0001,0.006867804331704974,32.096920013427734,0.07999999076128006,0.01939372,0.9547402858734131
87.3,20,3470,2955264,210.27973129715687,35,0.177734375,2515,0.2,210.5506591796875,84.97518157958984,0.0001,0.007646693615242839,32.096920013427734,0.07999999076128006,0.012953672,0.9000440239906311
86.32,21,3470,2957312,207.1851941300834,36,0.2197265625,2516,0.2,214.97835159301758,178.67408752441406,0.0001,0.0007531984010711312,32.096920013427734,0.07999999076128006,0.015838856,0.9312019348144531
86.06,21,3470,2959360,207.19693984642993,37,0.18203125,2517,0.2,127.94454803466797,32.10560607910156,0.0001,0.0043176934123039246,32.096920013427734,0.07999999076128006,0.013714293,0.9340448975563049
87.79,22,3470,2961408,211.174221130597,38,0.178125,2518,0.2,178.63087158203126,28.80596923828125,0.0001,0.0055993679910898205,32.096920013427734,0.07999999076128006,0.013886889,0.9263692498207092
87.27,23,3470,2963456,210.4113511570172,39,0.2046875,2519,0.2,208.05144958496095,117.10216522216797,0.0001,0.0015459343791007995,32.096920013427734,0.07999999076128006,0.015008348,0.9312949180603027
84.39,23,3471,2965504,204.06725162395495,40,0.1953125,2520,0.2,169.85294151306152,158.7835235595703,0.0001,-0.0013033023569732904,32.096920013427734,0.07999999076128006,0.015001407,0.8993080258369446
84.48,24,3471,2967552,203.83639931741288,41,0.1728515625,2521,0.2,267.71696853637695,112.93981170654297,0.0001,0.0018150578252971172,32.096920013427734,0.07999999076128006,0.013361579,0.9000343680381775
86.56,24,3471,2969600,208.8175371214064,42,0.2296875,2522,0.2,73.75570602416992,20.61807632446289,0.0001,0.0075678076595067974,32.096920013427734,0.07999999076128006,0.015931346,0.9599440693855286
87.12,25,3471,2971648,209.32277121315906,43,0.3138020833333333,2523,0.2,153.65744018554688,64.98092651367188,0.0001,0.012948583190639814,32.096920013427734,0.07999999076128006,0.03342996,0.9367059469223022
89.74,25,3473,2973696,215.5466256754442,44,0.21354166666666666,2524,0.2,63.50804646809896,30.249696731567383,0.0001,-0.0016626554230848949,32.096920013427734,0.07999999076128006,0.017071871,0.976548969745636
92.17,26,3474,2975744,220.6375849583506,45,0.19140625,2525,0.2,37.95548884073893,17.470121383666992,0.0001,0.013305834804972013,32.096920013427734,0.07999999076128006,0.015383749,0.9836729764938354
94.01,27,3475,2977792,224.98555233066563,46,0.2880859375,2526,0.2,44.034993171691895,20.94740104675293,0.0001,0.010383846703916788,32.096920013427734,0.07999999076128006,0.024536332,0.9838024973869324
94.19,27,3475,2979840,225.2871475752845,47,0.17578125,2527,0.2,47.508769035339355,23.3046932220459,0.0001,0.007978671696037054,32.096920013427734,0.07999999076128006,0.014024707,0.9792854189872742
94.8,28,3475,2981888,225.8349405438587,48,0.29140625,2529,0.2,36.24330577850342,15.503216743469238,0.0001,0.01766653931699693,32.096920013427734,0.07999999076128006,0.039373204,0.9846823215484619
94.57,28,3475,2983936,225.5818271063768,49,0.24479166666666666,2530,0.2,36.10848490397135,18.00840187072754,0.0001,0.02547307622929414,32.096920013427734,0.07999999076128006,0.02230867,0.9854021668434143
93.31,29,3476,2985984,222.40361809657472,50,0.22135416666666666,2531,0.2,42.20312245686849,23.5792293548584,0.0001,0.009393715299665928,32.096920013427734,0.07999999076128006,0.017888756,0.9843617677688599
94.42,30,3476,2988032,224.9549055021019,51,0.22265625,2532,0.2,42.646307627360024,21.6766357421875,0.0001,0.0210778812567393,32.096920013427734,0.07999999076128006,0.017953666,0.9859575033187866
93.05,30,3477,2990080,221.34773393928927,52,0.20182291666666666,2533,0.2,33.479513804117836,16.914295196533203,0.0001,0.013282930478453636,32.096920013427734,0.07999999076128006,0.01563909,0.9873005151748657
93.81,31,3478,2992128,222.74246137674584,53,0.201171875,2534,0.2,31.25235366821289,15.772314071655273,0.0001,0.012581410817801952,32.096920013427734,0.07999999076128006,0.0161618,0.9861608147621155
92.18,31,3478,2994176,218.54556196017478,54,0.2994791666666667,2535,0.2,39.49838892618815,19.834060668945312,0.0001,0.029042453815539677,32.096920013427734,0.07999999076128006,0.02481719,0.9869281053543091
92.99,32,3479,2996224,220.85447443213266,55,0.3385416666666667,2536,0.2,109.36151885986328,52.373661041259766,0.0001,0.01648334600031376,32.096920013427734,0.07999999076128006,0.03856043,0.9493715167045593
92.04,32,3480,2998272,218.89705360374748,56,0.22395833333333334,2537,0.2,48.61689885457357,22.150461196899414,0.0001,0.013086731235186258,32.096920013427734,0.07999999076128006,0.018801248,0.9835484027862549
94.38,33,3480,3000320,225.5323194183784,57,0.2705078125,2538,0.2,100.01827335357666,28.406330108642578,0.0001,0.02132185036316514,32.096920013427734,0.07999999076128006,0.021980584,0.9542933106422424
93.29,34,3480,3002368,223.62502852700644,58,0.19296875,2539,0.2,58.10927505493164,30.053043365478516,0.0001,0.00939779169857502,32.096920013427734,0.07999999076128006,0.014538085,0.977797269821167
96.06,34,3480,3004416,231.33121297708564,59,0.21484375,2540,0.2,197.21906153361002,57.677833557128906,0.0001,0.0017369162136067946,32.096920013427734,0.07999999076128006,0.016696343,0.9259269833564758
97.0,35,3481,3006464,234.52764717482324,60,0.1884765625,2541,0.2,49.08532428741455,25.138916015625,0.0001,0.007380449213087559,32.096920013427734,0.07999999076128006,0.0145379305,0.9799360036849976
97.4,35,3481,3008512,235.52731925335402,61,0.16015625,2542,0.2,52.4863977432251,27.13216209411621,0.0001,0.00948569062165916,32.096920013427734,0.07999999076128006,0.013015262,0.9797621965408325
99.45,36,3479,3010560,241.6673726903035,62,0.2495659722222222,2544,0.2,72.8857790629069,45.2052001953125,0.0001,0.0034879569171203505,32.096920013427734,0.07999999076128006,0.031257413,0.9734287261962891
100.08,37,3479,3012608,243.4150761261028,63,0.184375,2545,0.2,60.90475921630859,27.898517608642578,0.0001,0.008506141975522042,32.096920013427734,0.07999999076128006,0.013976499,0.9808049201965332
98.72,37,3479,3014656,239.98191732390504,64,0.209375,2546,0.2,78.07579345703125,39.518768310546875,0.0001,0.012251030653715134,32.096920013427734,0.07999999076128006,0.017947663,0.9694066047668457
97.32,38,3478,3016704,237.44997799636175,65,0.28984375,2547,0.2,117.17770080566406,31.58782958984375,0.0001,0.010662294179201125,32.096920013427734,0.07999999076128006,0.023051688,0.9577451348304749
96.51,38,3479,3018752,235.51798737044493,66,0.2041015625,2548,0.2,167.1541519165039,86.3172378540039,0.0001,-0.001182411564514041,32.096920013427734,0.07999999076128006,0.016247,0.9318172335624695
93.13,39,3479,3020800,225.69284698381324,67,0.181640625,2549,0.2,128.3752212524414,66.58206939697266,0.0001,0.0066158168483525515,32.096920013427734,0.07999999076128006,0.014180325,0.9639357924461365
91.62,40,3480,3022848,221.98090752432108,68,0.190625,2550,0.2,98.33801574707032,50.11334991455078,0.0001,0.009297783300280572,32.096920013427734,0.07999999076128006,0.013707657,0.9624805450439453
89.96,40,3480,3024896,216.83221618009316,69,0.22265625,2551,0.2,286.024169921875,66.64946746826172,0.0001,-0.00017179176211357117,32.096920013427734,0.07999999076128006,0.01676875,0.9028859734535217
85.46,41,3480,3026944,205.49490756519023,70,0.2529296875,2552,0.2,173.45823287963867,67.99629211425781,0.0001,0.011823898763395846,32.096920013427734,0.07999999076128006,0.021933064,0.9238288402557373
85.82,41,3480,3028992,206.63032354016661,71,0.201171875,2553,0.2,410.28601837158203,211.000244140625,0.0001,0.004989013657905161,32.096920013427734,0.07999999076128006,0.014879173,0.8449114561080933
86.7,42,3480,3031040,209.41973380582286,72,0.21037946428571427,2554,0.2,224.78400530133928,148.27845764160156,0.0001,0.005141085412885461,32.096920013427734,0.07999999076128006,0.01703144,0.9086910486221313
88.56,42,3480,3033088,213.7804159858306,73,0.24765625,2555,0.2,153.72176818847657,46.6097297668457,0.0001,0.003182476945221424,32.096920013427734,0.07999999076128006,0.018315997,0.9391481280326843
92.05,43,3479,3035136,221.76753926798628,74,0.231640625,2557,0.2,62.97757568359375,25.36124038696289,0.0001,0.005471244268119335,32.096920013427734,0.07999999076128006,0.031469025,0.97330641746521
96.79,44,3473,3037184,233.27396378228616,75,0.18098958333333334,2558,0.2,36.354315439860024,19.101686477661133,0.0001,0.010294262940684954,32.096920013427734,0.07999999076128006,0.013528048,0.9859347939491272
96.16,44,3472,3039232,231.4382894611625,76,0.2552083333333333,2559,0.2,69.71080652872722,40.2249870300293,0.0001,0.023366904507080715,32.096920013427734,0.07999999076128006,0.020756034,0.9744750261306763
98.6,45,3471,3041280,236.15541028947166,77,0.21354166666666666,2560,0.2,201.69342549641928,100.8795166015625,0.0001,0.005862641303489606,32.096920013427734,0.07999999076128006,0.016701357,0.9331841468811035
94.72,46,3472,3043328,225.99481550084096,78,0.2080078125,2561,0.2,45.180691719055176,22.215606689453125,0.0001,0.009807196678593755,32.096920013427734,0.07999999076128006,0.015756946,0.985981285572052
88.42,46,3470,3045376,210.70061932699528,79,0.1578125,2562,0.2,79.9666534423828,51.67314910888672,0.0001,-0.0017972970381379128,32.096920013427734,0.07999999076128006,0.012080372,0.9744948744773865
83.65,47,3470,3047424,198.69657594131058,80,0.19308035714285715,2563,0.2,369.6740199497768,136.22854614257812,0.0001,0.007677934664700713,32.096920013427734,0.07999999076128006,0.01430473,0.8779672384262085
82.66,47,3470,3049472,195.8685701930404,81,0.16796875,2564,0.2,231.9311580657959,61.68438720703125,0.0001,0.003529390669427812,32.096920013427734,0.07999999076128006,0.012237085,0.9072636961936951
83.36,48,3470,3051520,198.32631383305073,82,0.21171875,2565,0.2,52.72099990844727,28.917234420776367,0.0001,0.01368376724421978,32.096920013427734,0.07999999076128006,0.015112003,0.9784794449806213
85.94,48,3469,3053568,205.51804765237978,83,0.26313920454545453,2567,0.2,65.40737464211203,37.8739013671875,0.0001,0.005040549461475827,32.096920013427734,0.07999999076128006,0.030230323,0.967887282371521
87.34,49,3469,3055616,209.06253881054272,84,0.19401041666666666,2568,0.2,164.96172078450522,82.1372299194336,0.0001,0.003408427583053708,32.096920013427734,0.07999999076128006,0.014057913,0.9308065176010132
89.58,50,3469,3057664,215.50101203361663,85,0.24479166666666666,2569,0.2,52.11807632446289,26.129487991333008,0.0001,0.013760855110983053,32.096920013427734,0.07999999076128006,0.021471376,0.9691253900527954
91.09,50,3470,3059712,219.21380024300043,86,0.18098958333333334,2570,0.2,50.56506856282552,28.816329956054688,0.0001,0.006058689517279466,32.096920013427734,0.07999999076128006,0.0137257865,0.9786023497581482
89.78,51,3470,3061760,215.84333948948418,87,0.193359375,2571,0.2,39.309194564819336,17.79550552368164,0.0001,0.011437171488068998,32.096920013427734,0.07999999076128006,0.01634665,0.9856362342834473
92.81,51,3470,3063808,222.77301213668395,88,0.21484375,2572,0.2,34.81580034891764,13.758344650268555,0.0001,0.009224935279538235,32.096920013427734,0.07999999076128006,0.015607708,0.985687255859375
96.2,52,3470,3065856,231.61202049763932,89,0.1328125,2573,0.2,93.87964820861816,56.665462493896484,0.0001,0.011160560476128012,32.096920013427734,0.07999999076128006,0.010004734,0.9538268446922302
96.09,53,3470,3067904,231.96289070540743,90,0.234375,2574,0.2,86.94138081868489,46.9847526550293,0.0001,0.012735364648203054,32.096920013427734,0.07999999076128006,0.020877706,0.9724287390708923
95.8,53,3470,3069952,232.05171472672038,91,0.2568359375,2575,0.2,82.36026954650879,40.89386749267578,0.0001,0.02890351216774434,32.096920013427734,0.07999999076128006,0.02178323,0.9640059471130371
95.01,54,3471,3072000,229.8727517812621,92,0.2333984375,2576,0.2,92.65702247619629,58.850303649902344,0.0001,0.018974245060235262,32.096920013427734,0.07999999076128006,0.016868513,0.9604700207710266
93.66,54,3471,3074048,226.56118116990558,93,0.23046875,2577,0.2,30.20048761367798,15.434459686279297,0.0001,0.008162341546267271,32.096920013427734,0.07999999076128006,0.020786129,0.9883052706718445
93.72,55,3471,3076096,227.21388969203522,94,0.19921875,2578,0.2,144.37429809570312,66.79401397705078,0.0001,0.009501021665831407,32.096920013427734,0.07999999076128006,0.0133520095,0.9421187043190002
91.14,56,3472,3078144,220.884530187832,95,0.201171875,2579,0.2,73.82583332061768,50.196807861328125,0.0001,0.0057287816889584064,32.096920013427734,0.07999999076128006,0.014168417,0.9712557792663574
92.12,56,3472,3080192,223.20326769392142,96,0.17265625,2580,0.2,180.44878234863282,92.25982666015625,0.0001,0.0038168618455529215,32.096920013427734,0.07999999076128006,0.011900447,0.9351207613945007
91.91,57,3471,3082240,222.67501128123652,97,0.26848958333333334,2582,0.2,46.40670369466146,19.266027450561523,0.0001,0.00863616435478131,32.096920013427734,0.07999999076128006,0.027229676,0.9791191220283508
90.79,57,3472,3084288,219.4138268316145,98,0.2708333333333333,2583,0.2,41.00975545247396,21.45775604248047,0.0001,0.02373861273129781,32.096920013427734,0.07999999076128006,0.025495956,0.9837139844894409
90.33,58,3472,3086336,217.6765977892385,99,0.1796875,2584,0.2,87.07039388020833,49.579288482666016,0.0001,0.007827959954738617,32.096920013427734,0.07999999076128006,0.013334417,0.9644718766212463
90.46,58,3472,3088384,219.07543925478424,100,0.171875,2585,0.2,172.50888061523438,101.53829956054688,0.0001,0.004529218344638745,32.096920013427734,0.07999999076128006,0.014083944,0.947087287902832
89.33,59,3473,3090432,215.75015261032075,101,0.16666666666666666,2586,0.2,146.8183848063151,75.87773132324219,0.0001,0.009711186091105143,32.096920013427734,0.07999999076128006,0.01291168,0.9410839676856995
89.83,60,3473,3092480,217.40539325809962,102,0.25390625,2587,0.2,91.52736155192058,34.45984649658203,0.0001,0.007218813523650169,32.096920013427734,0.07999999076128006,0.020089136,0.9700198173522949
90.75,60,3473,3094528,220.41789102624162,103,0.2109375,2588,0.2,65.83723704020183,43.73237228393555,0.0001,0.01259434192130963,32.096920013427734,0.07999999076128006,0.01536525,0.9675624966621399
90.73,61,3473,3096576,220.50057498397177,104,0.20703125,2589,0.2,138.04164505004883,95.59883880615234,0.0001,0.004934878554195166,32.096920013427734,0.07999999076128006,0.01704869,0.933556854724884
90.37,61,3473,3098624,219.57784761857496,105,0.2078125,2590,0.2,147.3919204711914,39.579341888427734,0.0001,0.006239701993763447,32.096920013427734,0.07999999076128006,0.015803274,0.9377405643463135
91.23,62,3473,3100672,221.33998119927168,106,0.1904296875,2591,0.2,116.33517456054688,78.34260559082031,0.0001,0.010703562293201685,32.096920013427734,0.07999999076128006,0.01476323,0.948235809803009
89.99,63,3473,3102720,217.36592389258686,107,0.1640625,2592,0.2,34.52848815917969,16.753456115722656,0.0001,0.00895100983325392,32.096920013427734,0.07999999076128006,0.013433712,0.9878438115119934
92.71,63,3473,3104768,222.35968740557826,108,0.18828125,2593,0.2,71.2264617919922,36.959434509277344,0.0001,0.003052101843059063,32.096920013427734,0.07999999076128006,0.015624416,0.9705908298492432
93.91,64,3473,3106816,224.6109004830297,109,0.23893229166666666,2594,0.2,36.84319241841634,18.578357696533203,0.0001,0.013178607914596796,32.096920013427734,0.07999999076128006,0.018304827,0.9853793978691101
93.83,64,3474,3108864,224.17084774685972,110,0.21484375,2595,0.2,58.66244125366211,31.941585540771484,0.0001,0.004209382459521294,32.096920013427734,0.07999999076128006,0.018262105,0.9775814414024353
94.19,65,3474,3110912,225.1192834523215,111,0.20442708333333334,2596,0.2,97.7455940246582,48.22248077392578,0.0001,0.013052204623818398,32.096920013427734,0.07999999076128006,0.015114717,0.9586195349693298
93.06,66,3474,3112960,223.0380095484625,112,0.18098958333333334,2597,0.2,53.683432261149086,40.00538635253906,0.0001,0.011254931800067425,32.096920013427734,0.07999999076128006,0.013027723,0.9814878106117249
90.24,66,3474,3115008,216.64031097184886,113,0.19140625,2598,0.2,101.12007141113281,68.12931060791016,0.0001,0.0032634086286028228,32.096920013427734,0.07999999076128006,0.01608909,0.9657548666000366
89.6,67,3474,3117056,214.6709802002544,114,0.2392578125,2599,0.2,151.09038925170898,101.08834075927734,0.0001,0.004020623164251447,32.096920013427734,0.07999999076128006,0.020791402,0.9467198252677917
88.21,67,3474,3119104,211.40714572233213,115,0.2799479166666667,2600,0.2,45.1718495686849,21.602556228637695,0.0001,0.029350077733397484,32.096920013427734,0.07999999076128006,0.02416662,0.9801305532455444
87.08,68,3472,3121152,209.17944488615768,116,0.2630208333333333,2601,0.2,74.6592534383138,52.01927185058594,0.0001,0.022966008633375168,32.096920013427734,0.07999999076128006,0.024293942,0.979159951210022
86.27,68,3472,3123200,208.12259269050884,117,0.20833333333333334,2602,0.2,99.70083872477214,42.98153305053711,0.0001,0.0032048108987510204,32.096920013427734,0.07999999076128006,0.015204596,0.9553909301757812
86.54,69,3472,3125248,209.72437483513622,118,0.17317708333333334,2603,0.2,134.32793935139975,70.44584655761719,0.0001,-3.463495522737503e-05,32.096920013427734,0.07999999076128006,0.014525108,0.9500036239624023
84.23,70,3472,3127296,204.65612385953693,119,0.30859375,2604,0.2,33.769449869791664,14.004537582397461,0.0001,0.013627764924118916,32.096920013427734,0.07999999076128006,0.03193539,0.986198902130127
86.0,70,3472,3129344,210.1390470665799,120,0.22526041666666666,2605,0.2,110.07532755533855,49.11152648925781,0.0001,0.009095001500099897,32.096920013427734,0.07999999076128006,0.017524643,0.9554110765457153
86.76,71,3472,3131392,213.63278262327785,121,0.1875,2606,0.2,121.97286224365234,85.24974822998047,0.0001,0.011283236866195997,32.096920013427734,0.07999999076128006,0.01465847,0.9460487961769104
87.79,71,3473,3133440,216.8078221936531,122,0.2451171875,2607,0.2,187.86477088928223,112.26568603515625,0.0001,-0.003604760393500328,32.096920013427734,0.07999999076128006,0.02153318,0.9113567471504211
88.53,72,3473,3135488,219.18968211707758,123,0.162109375,2608,0.2,47.471540451049805,24.610628128051758,0.0001,0.005338967777788639,32.096920013427734,0.07999999076128006,0.012933025,0.9713022708892822
90.45,73,3472,3137536,224.8487060935239,124,0.1943359375,2609,0.2,119.78189277648926,60.80073928833008,0.0001,0.007160465698689222,32.096920013427734,0.07999999076128006,0.013947979,0.9543600678443909
90.06,73,3472,3139584,223.55270648371004,125,0.244140625,2610,0.2,126.75577036539714,79.90281677246094,0.0001,0.012615539599210024,32.096920013427734,0.07999999076128006,0.01746861,0.9384873509407043
90.34,74,3472,3141632,224.52283604161073,126,0.2568359375,2611,0.2,91.95953559875488,46.56965637207031,0.0001,0.018620287533849478,32.096920013427734,0.07999999076128006,0.024688842,0.9547553658485413
89.34,74,3473,3143680,222.1368769636731,127,0.2236328125,2612,0.2,141.5375156402588,91.24417877197266,0.0001,0.0026817945763468742,32.096920013427734,0.07999999076128006,0.017644048,0.9343879818916321
91.09,75,3473,3145728,226.25685202600528,128,0.1865234375,2613,0.2,146.14125633239746,59.86893081665039,0.0001,0.002891896991059184,32.096920013427734,0.07999999076128006,0.013619221,0.937078058719635
92.69,76,3473,3147776,229.8588129239418,129,0.2509765625,2614,0.2,53.61388683319092,20.330026626586914,0.0001,0.012809347594156861,32.096920013427734,0.07999999076128006,0.019881887,0.9779071807861328
94.98,76,3473,3149824,236.37362282579758,130,0.248046875,2615,0.2,93.25015131632487,53.07481384277344,0.0001,0.013299230486154556,32.096920013427734,0.07999999076128006,0.017751014,0.9646561741828918
96.54,77,3474,3151872,239.97911800763694,131,0.193359375,2616,0.2,57.64167785644531,24.527515411376953,0.0001,0.013789548072963953,32.096920013427734,0.07999999076128006,0.016265655,0.9755173325538635
99.9,77,3474,3153920,248.493503728747,132,0.26729910714285715,2617,0.2,48.33217675345285,23.37999725341797,0.0001,0.01850955281406641,32.096920013427734,0.07999999076128006,0.019278407,0.9804903268814087
97.05,78,3474,3155968,241.17185442022125,133,0.22578125,2618,0.2,31.884223556518556,17.596786499023438,0.0001,0.008793195150792599,32.096920013427734,0.07999999076128006,0.016532073,0.9881479740142822
97.25,78,3474,3158016,241.82325276569617,134,0.24544270833333334,2619,0.2,65.99871571858723,26.776315689086914,0.0001,0.010014488827437162,32.096920013427734,0.07999999076128006,0.018630283,0.9759957194328308
95.96,79,3474,3160064,238.1642014371819,135,0.24375,2620,0.2,73.86448211669922,51.41331481933594,0.0001,0.015968909487128258,32.096920013427734,0.07999999076128006,0.017595714,0.9693406820297241
95.65,80,3474,3162112,237.02131004733158,136,0.2578125,2621,0.2,37.011025746663414,19.468564987182617,0.0001,0.0039329441885153455,32.096920013427734,0.07999999076128006,0.0186165,0.985784649848938
95.02,80,3475,3164160,235.24498954283274,137,0.20833333333333334,2622,0.2,40.905619303385414,19.34511947631836,0.0001,0.012746739511688551,32.096920013427734,0.07999999076128006,0.017451528,0.9860596656799316
96.58,81,3475,3166208,239.76033248912296,138,0.1640625,2623,0.2,51.23687744140625,24.195158004760742,0.0001,0.021155261745055515,32.096920013427734,0.07999999076128006,0.015049429,0.9790129661560059
97.76,81,3475,3168256,243.16939261120865,139,0.21875,2624,0.2,132.34311294555664,22.90450096130371,0.0001,0.01716530229896307,32.096920013427734,0.07999999076128006,0.01726402,0.9612659215927124
98.14,82,3475,3170304,244.67564458099696,140,0.20442708333333334,2625,0.2,76.28998438517253,50.719852447509766,0.0001,0.01494803357248505,32.096920013427734,0.07999999076128006,0.017514661,0.971991777420044
98.45,83,3475,3172352,246.45167498767262,141,0.2890625,2626,0.2,57.88889789581299,25.30530548095703,0.0001,0.026361695490777493,32.096920013427734,0.07999999076128006,0.024185106,0.9758965969085693
97.94,83,3475,3174400,245.0250969030237,142,0.1533203125,2627,0.2,101.04153633117676,52.40223693847656,0.0001,0.0031450390815734863,32.096920013427734,0.07999999076128006,0.0132132415,0.968583345413208
97.18,84,3475,3176448,243.8222027685664,143,0.209375,2628,0.2,52.54760665893555,25.215179443359375,0.0001,0.011862452421337367,32.096920013427734,0.07999999076128006,0.015433667,0.9790670275688171
97.51,84,3475,3178496,244.857962369743,144,0.232421875,2629,0.2,96.93865966796875,60.75587463378906,0.0001,0.0070861587300896645,32.096920013427734,0.07999999076128006,0.02170441,0.9654688835144043
97.44,85,3476,3180544,244.14122859066526,145,0.22135416666666666,2630,0.2,40.46164576212565,20.953662872314453,0.0001,0.02154047756145398,32.096920013427734,0.07999999076128006,0.01727697,0.9853583574295044
96.78,86,3476,3182592,243.1141918376539,146,0.2421875,2631,0.2,40.99679946899414,20.639114379882812,0.0001,0.012854489032179117,32.096920013427734,0.07999999076128006,0.017957553,0.9844014048576355
96.96,86,3475,3184640,243.1475486765923,147,0.185546875,2632,0.2,113.8113784790039,64.7784194946289,0.0001,0.007544563850387931,32.096920013427734,0.07999999076128006,0.013245159,0.9581096768379211
97.6,87,3469,3186688,244.31391267508107,148,0.190625,2633,0.2,88.62107620239257,33.16929244995117,0.0001,0.0137342463247478,32.096920013427734,0.07999999076128006,0.014417073,0.9717490077018738
95.63,87,3468,3188736,239.1325380759954,149,0.2490234375,2634,0.2,38.54184913635254,19.41023826599121,0.0001,0.013107579201459885,32.096920013427734,0.07999999076128006,0.018722251,0.9846241474151611
95.68,88,3468,3190784,239.45087268534817,150,0.16796875,2635,0.2,95.97765350341797,68.9710693359375,0.0001,0.00015994285543759665,32.096920013427734,0.07999999076128006,0.013686262,0.9670529961585999
95.43,89,3469,3192832,238.90764556873089,151,0.22265625,2636,0.2,39.83150005340576,15.598422050476074,0.0001,0.013696585781872272,32.096920013427734,0.07999999076128006,0.019174283,0.9840840697288513
95.86,89,3469,3194880,240.6393544700502,152,0.2314453125,2637,0.2,107.00483703613281,43.79835510253906,0.0001,0.01847206917591393,32.096920013427734,0.07999999076128006,0.02045283,0.9504310488700867
96.45,90,3469,3196928,242.04559377368852,153,0.23102678571428573,2638,0.2,67.91056224278041,37.39699935913086,0.0001,0.01153020201517003,32.096920013427734,0.07999999076128006,0.017539218,0.9742281436920166
97.03,90,3470,3198976,243.63758631942164,154,0.21875,2639,0.2,40.24495315551758,18.73691177368164,0.0001,0.011381488293409348,32.096920013427734,0.07999999076128006,0.017921092,0.9851579666137695
97.28,91,3470,3201024,244.00534628319355,155,0.20052083333333334,2640,0.2,41.738451639811196,22.217496871948242,0.0001,0.008764383072654406,32.096920013427734,0.07999999076128006,0.01739305,0.9824829697608948
98.0,92,3470,3203072,246.19067037389365,156,0.2747395833333333,2641,0.2,89.66494496663411,21.13674545288086,0.0001,0.025243640566865604,32.096920013427734,0.07999999076128006,0.02928795,0.9731400609016418
97.62,92,3471,3205120,245.68174813310935,157,0.267578125,2642,0.2,31.434747219085693,15.752144813537598,0.0001,0.010086858179420233,32.096920013427734,0.07999999076128006,0.020305004,0.9857192635536194
96.99,93,3471,3207168,244.64023406750528,158,0.21354166666666666,2643,0.2,43.90550994873047,25.905487060546875,0.0001,0.014504109354068836,32.096920013427734,0.07999999076128006,0.018146586,0.9805931448936462
95.93,93,3471,3209216,241.3886831857877,159,0.24869791666666666,2644,0.2,45.47509638468424,19.851530075073242,0.0001,0.019403832964599133,32.096920013427734,0.07999999076128006,0.022165751,0.9826145768165588
97.2,94,3472,3211264,244.86933589595992,160,0.24348958333333334,2645,0.2,52.19920349121094,28.642200469970703,0.0001,0.007173689858367045,32.096920013427734,0.07999999076128006,0.018292325,0.9774843454360962
96.22,94,3472,3213312,242.30675222050385,161,0.21875,2646,0.2,45.52417882283529,22.274879455566406,0.0001,0.01495836271593968,32.096920013427734,0.07999999076128006,0.01665338,0.9850448966026306
97.71,95,3472,3215360,247.11839014768222,162,0.25,2647,0.2,117.80874443054199,47.22201919555664,0.0001,0.005710185505449772,32.096920013427734,0.07999999076128006,0.023168921,0.956879734992981
98.23,96,3472,3217408,248.40161846302618,163,0.220703125,2648,0.2,66.5088357925415,36.07650375366211,0.0001,0.010791626293212175,32.096920013427734,0.07999999076128006,0.016348425,0.9729681611061096
98.17,96,3473,3219456,249.27472058235907,164,0.20703125,2649,0.2,61.861586252848305,30.830310821533203,0.0001,0.006678723419706027,32.096920013427734,0.07999999076128006,0.015135292,0.9771209359169006
98.29,97,3473,3221504,250.55177051644046,165,0.18619791666666666,2650,0.2,115.4273681640625,82.77395629882812,0.0001,0.0060391562680403394,32.096920013427734,0.07999999076128006,0.016105855,0.9644410014152527
100.03,97,3473,3223552,255.49009883330902,166,0.23046875,2651,0.2,46.396056175231934,25.422040939331055,0.0001,0.02326504932716489,32.096920013427734,0.07999999076128006,0.016906302,0.9822950959205627
98.34,98,3473,3225600,250.81562181352373,167,0.21953125,2652,0.2,57.776912689208984,31.303192138671875,0.0001,0.013669613376259803,32.096920013427734,0.07999999076128006,0.016213039,0.9747747182846069
98.02,99,3474,3227648,249.93289891283362,168,0.1474609375,2653,0.2,68.55301189422607,20.89340591430664,0.0001,0.0026466520503163338,32.096920013427734,0.07999999076128006,0.011351131,0.9796369671821594
97.51,99,3474,3229696,248.88625962066638,169,0.24441964285714285,2654,0.2,46.47389384678432,21.026317596435547,0.0001,0.015219336907778467,32.096920013427734,0.07999999076128006,0.017862542,0.9809309840202332
96.37,100,3474,3231744,245.58703679637998,170,0.221875,2655,0.2,122.96661529541015,24.858623504638672,0.0001,0.007983478717505932,32.096920013427734,0.07999999076128006,0.018529262,0.9530776739120483
96.44,100,3474,3233792,245.8488453850606,171,0.18815104166666666,2656,0.2,48.95353889465332,24.492874145507812,0.0001,0.01100720992932717,32.096920013427734,0.07999999076128006,0.014154731,0.9823624491691589
95.99,101,3474,3235840,244.52842202926163,172,0.22265625,2657,0.2,61.60310287475586,28.70826530456543,0.0001,0.003032064251601696,32.096920013427734,0.07999999076128006,0.016938685,0.9762744903564453
95.02,101,3474,3237888,241.48964017478204,173,0.177734375,2658,0.2,95.740052541097,77.07344055175781,0.0001,0.006044567950690786,32.096920013427734,0.07999999076128006,0.013245884,0.956479012966156
94.96,102,3475,3239936,240.58998441007742,174,0.22005208333333334,2659,0.2,76.91155115763347,32.185604095458984,0.0001,0.02146300331999858,32.096920013427734,0.07999999076128006,0.020575585,0.9698415398597717
92.51,103,3475,3241984,234.2951943625225,175,0.17317708333333334,2660,0.2,30.233856836954754,13.944823265075684,0.0001,0.008284978568553925,32.096920013427734,0.07999999076128006,0.013625868,0.9897916913032532
90.36,103,3475,3244032,227.93379705464162,176,0.2294921875,2661,0.2,131.84969806671143,35.283660888671875,0.0001,0.018800904043018818,32.096920013427734,0.07999999076128006,0.01904884,0.9390722513198853
89.95,104,3475,3246080,225.96778855457308,177,0.240234375,2662,0.2,113.46792093912761,32.379878997802734,0.0001,0.004646333244939645,32.096920013427734,0.07999999076128006,0.018938286,0.9568434953689575
88.83,104,3476,3248128,222.6186576643242,178,0.197265625,2663,0.2,59.13620853424072,41.525657653808594,0.0001,-0.002008956391364336,32.096920013427734,0.07999999076128006,0.016581032,0.9779797792434692
87.01,105,3476,3250176,216.89204294690552,179,0.2294921875,2664,0.2,60.56656455993652,25.83338165283203,0.0001,0.011483830166980624,32.096920013427734,0.07999999076128006,0.018709224,0.9770019054412842
87.48,106,3476,3252224,218.09743173362972,180,0.224609375,2665,0.2,95.54026412963867,58.82331848144531,0.0001,0.006103981635533273,32.096920013427734,0.07999999076128006,0.019650778,0.9587012529373169
88.45,106,3476,3254272,221.42105377132518,181,0.189453125,2666,0.2,89.78824043273926,42.124385833740234,0.0001,0.0030623083002865314,32.096920013427734,0.07999999076128006,0.01343411,0.9682579040527344
90.02,107,3476,3256320,226.71926073495004,182,0.21614583333333334,2667,0.2,87.38092104593913,36.05375671386719,0.0001,0.006326127952585618,32.096920013427734,0.07999999076128006,0.016294852,0.9643007516860962
91.5,107,3476,3258368,231.1890588357628,183,0.16796875,2668,0.2,44.66393041610718,21.983135223388672,0.0001,0.005088922567665577,32.096920013427734,0.07999999076128006,0.012505086,0.9781419634819031
94.43,108,3476,3260416,239.70658408632607,184,0.1875,2669,0.2,41.008810679117836,17.380678176879883,0.0001,0.015127750424047312,32.096920013427734,0.07999999076128006,0.014108914,0.98337322473526
96.48,108,3476,3262464,245.82208025401775,185,0.2021484375,2670,0.2,65.83631229400635,34.1956787109375,0.0001,0.005048223305493593,32.096920013427734,0.07999999076128006,0.015064434,0.9746290445327759
97.49,109,3476,3264512,249.40608764778335,186,0.26953125,2671,0.2,54.656821727752686,24.27695655822754,0.0001,0.012467079563066363,32.096920013427734,0.07999999076128006,0.01996515,0.9760158061981201
96.86,110,3476,3266560,248.21844609295135,187,0.19921875,2672,0.2,78.29649810791015,41.003170013427734,0.0001,0.0017468014732003212,32.096920013427734,0.07999999076128006,0.015833203,0.9714045524597168
95.81,110,3477,3268608,245.85070402460394,188,0.22433035714285715,2673,0.2,57.14128494262695,31.083843231201172,0.0001,0.007466812684599843,32.096920013427734,0.07999999076128006,0.017798295,0.9776686429977417
97.15,111,3477,3270656,249.6741982410183,189,0.23307291666666666,2674,0.2,55.03900019327799,24.522188186645508,0.0001,0.021815693005919456,32.096920013427734,0.07999999076128006,0.019790487,0.9770260453224182
96.5,111,3477,3272704,248.39456003893426,190,0.2682291666666667,2675,0.2,61.86005655924479,28.511844635009766,0.0001,0.017148905744155247,32.096920013427734,0.07999999076128006,0.019138956,0.9752328395843506
94.61,112,3477,3274752,242.83518176697567,191,0.177734375,2676,0.2,72.6012020111084,36.34499740600586,0.0001,0.0011997721157968044,32.096920013427734,0.07999999076128006,0.014423296,0.968861997127533
93.64,113,3477,3276800,240.25405687881127,192,0.203125,2677,0.2,174.0716552734375,119.67597961425781,0.0001,0.002552872523665428,32.096920013427734,0.07999999076128006,0.014592389,0.933503270149231
94.38,113,3477,3278848,241.90196486557605,193,0.20963541666666666,2678,0.2,116.0455551147461,72.80142974853516,0.0001,0.007957366295158863,32.096920013427734,0.07999999076128006,0.015280328,0.9530017375946045
92.94,114,3477,3280896,237.5195545742703,194,0.23697916666666666,2679,0.2,51.39526621500651,24.421875,0.0001,0.008727533742785454,32.096920013427734,0.07999999076128006,0.01974273,0.9745542407035828
94.22,114,3478,3282944,240.7506023402896,195,0.19401041666666666,2680,0.2,75.01569366455078,24.8432559967041,0.0001,0.009639150152603785,32.096920013427734,0.07999999076128006,0.015651982,0.9612362384796143
94.7,115,3478,3284992,241.66471628396033,196,0.2359375,2681,0.2,41.70297698974609,22.219343185424805,0.0001,0.01710065212100744,32.096920013427734,0.07999999076128006,0.01865239,0.9839173555374146
95.3,115,3478,3287040,243.50030174104128,197,0.2080078125,2682,0.2,94.62463855743408,21.001445770263672,0.0001,0.0050566005520522594,32.096920013427734,0.07999999076128006,0.018358648,0.9652259945869446
95.7,116,3478,3289088,243.7741000480264,198,0.181640625,2683,0.2,44.736751556396484,21.350299835205078,0.0001,0.011410998646169901,32.096920013427734,0.07999999076128006,0.01427607,0.97929447889328
95.61,117,3479,3291136,244.0960587354387,199,0.16927083333333334,2684,0.2,33.13902282714844,14.724403381347656,0.0001,-0.0024528133993347487,32.096920013427734,0.07999999076128006,0.013237801,0.987649142742157
94.9,117,3479,3293184,241.65506791386903,200,0.19401041666666666,2685,0.2,98.05258178710938,80.79761505126953,0.0001,0.013962551951408386,32.096920013427734,0.07999999076128006,0.014500193,0.9640609622001648
94.59,118,3479,3295232,241.0170229913531,201,0.22265625,2686,0.2,31.238274892171223,15.793651580810547,0.0001,0.013257196793953577,32.096920013427734,0.07999999076128006,0.018973898,0.9860963225364685
93.78,118,3479,3297280,238.88902455466797,202,0.20052083333333334,2687,0.2,48.754356384277344,28.27376937866211,0.0001,0.007649473225076993,32.096920013427734,0.07999999076128006,0.016712403,0.9772751927375793
91.71,119,3479,3299328,233.1470442664103,203,0.2721354166666667,2688,0.2,76.2781753540039,41.232032775878906,0.0001,0.007976661125818888,32.096920013427734,0.07999999076128006,0.03022323,0.974669873714447
90.35,120,3479,3301376,230.174803168424,204,0.2513020833333333,2689,0.2,104.14836120605469,52.33139419555664,0.0001,0.004867195151746273,32.096920013427734,0.07999999076128006,0.020002285,0.9610540866851807
89.81,120,3479,3303424,228.4036298768404,205,0.234375,2690,0.2,46.73555564880371,23.40890884399414,0.0001,0.01750554353930056,32.096920013427734,0.07999999076128006,0.019286182,0.9741439819335938
88.69,121,3480,3305472,225.7761367549816,206,0.22395833333333334,2691,0.2,25.067704518636067,12.568439483642578,0.0001,0.0076430924236774445,32.096920013427734,0.07999999076128006,0.016541593,0.9885114431381226
89.3,121,3480,3307520,226.91066477659297,207,0.19270833333333334,2692,0.2,63.2994499206543,22.2127742767334,0.0001,0.0036321375519037247,32.096920013427734,0.07999999076128006,0.015472338,0.9616683721542358
87.63,122,3480,3309568,222.3542006633641,208,0.23046875,2693,0.2,28.407075881958008,14.318632125854492,0.0001,0.012057562048236528,32.096920013427734,0.07999999076128006,0.018737303,0.9885656237602234
86.19,122,3480,3311616,219.00736113531403,209,0.18619791666666666,2694,0.2,18.897151311238606,9.990188598632812,0.0001,0.005410254932940006,32.096920013427734,0.07999999076128006,0.017305888,0.9906831383705139
85.76,123,3480,3313664,217.59987312562757,210,0.28125,2695,0.2,23.133242925008137,9.590230941772461,0.0001,0.012946248054504395,32.096920013427734,0.07999999076128006,0.024371758,0.989374577999115
86.62,124,3480,3315712,220.07533995412524,211,0.296875,2696,0.2,35.68325424194336,16.298961639404297,0.0001,0.014049133906761805,32.096920013427734,0.07999999076128006,0.030922698,0.986193835735321
87.82,124,3480,3317760,223.18950857682432,212,0.21744791666666666,2697,0.2,42.668802897135414,19.808269500732422,0.0001,0.022866706363856792,32.096920013427734,0.07999999076128006,0.017202457,0.9802079200744629
89.27,125,3480,3319808,227.15992764553684,213,0.2099609375,2698,0.2,53.34507179260254,29.868663787841797,0.0001,0.014948682161048055,32.096920013427734,0.07999999076128006,0.01799184,0.9661834836006165
89.67,125,3480,3321856,228.50560333891553,214,0.26171875,2699,0.2,54.38185806274414,26.893798828125,0.0001,0.01671539302915335,32.096920013427734,0.07999999076128006,0.022382595,0.9810191988945007
88.57,126,3480,3323904,225.63733319913135,215,0.232421875,2700,0.2,106.49842357635498,68.10005950927734,0.0001,0.01111238298472017,32.096920013427734,0.07999999076128006,0.020993136,0.961042582988739
88.42,127,3480,3325952,225.0443500614829,216,0.21875,2701,0.2,133.03922526041666,62.63624572753906,0.0001,0.01252978357175986,32.096920013427734,0.07999999076128006,0.016833259,0.935158908367157
90.17,127,3481,3328000,229.53292864315873,217,0.2177734375,2702,0.2,56.35666084289551,36.50775146484375,0.0001,0.015417624963447452,32.096920013427734,0.07999999076128006,0.016723966,0.9723832011222839
90.57,128,3481,3330048,230.39717751176718,218,0.1796875,2703,0.2,50.35126495361328,26.060152053833008,0.0001,0.005206098547205329,32.096920013427734,0.07999999076128006,0.012810651,0.9829564690589905
91.14,128,3481,3332096,231.94082933079403,219,0.1953125,2704,0.2,66.82865142822266,34.896732330322266,0.0001,0.013234182260930538,32.096920013427734,0.07999999076128006,0.016865708,0.9682750105857849
92.41,129,3481,3334144,235.38026908574125,220,0.1640625,2705,0.2,136.9358876546224,74.90798950195312,0.0001,0.0036678298686941466,32.096920013427734,0.07999999076128006,0.012113067,0.9466804265975952
88.27,130,3481,3336192,225.08338321500824,221,0.2255859375,2706,0.2,78.77343940734863,37.95655822753906,0.0001,0.012722362531349063,32.096920013427734,0.07999999076128006,0.020185322,0.9699903130531311
87.28,130,3481,3338240,223.10728431350955,222,0.18098958333333334,2707,0.2,223.44830322265625,127.35517120361328,0.0001,0.013467982411384583,32.096920013427734,0.07999999076128006,0.015350111,0.8856402039527893
87.93,131,3481,3340288,225.51240749442795,223,0.240234375,2708,0.2,266.3871841430664,116.426513671875,0.0001,0.001971966354176402,32.096920013427734,0.07999999076128006,0.021136364,0.8966361880302429
88.87,131,3481,3342336,227.65427341072976,224,0.2177734375,2709,0.2,98.75050163269043,59.76993942260742,0.0001,0.0033186590299010277,32.096920013427734,0.07999999076128006,0.016805133,0.9498973488807678
89.71,132,3480,3344384,229.58454544326824,225,0.165625,2710,0.2,140.43484344482422,101.09095001220703,0.0001,0.0034607229754328728,32.096920013427734,0.07999999076128006,0.013125415,0.950377881526947
91.16,132,3480,3346432,233.4767781792316,226,0.1845703125,2711,0.2,175.1071319580078,56.794952392578125,0.0001,0.009089354891330004,32.096920013427734,0.07999999076128006,0.014592739,0.9280922412872314
93.27,133,3480,3348480,238.48868389622848,227,0.20833333333333334,2712,0.2,169.5008316040039,132.54995727539062,0.0001,0.007270693002889554,32.096920013427734,0.07999999076128006,0.0145375775,0.9289476275444031
94.78,134,3480,3350528,241.66070643419513,228,0.212890625,2713,0.2,125.3753080368042,50.00263977050781,0.0001,0.007534902455518022,32.096920013427734,0.07999999076128006,0.016931126,0.9534664750099182
96.01,134,3481,3352576,244.79220761264907,229,0.24609375,2714,0.2,67.45510482788086,40.08781814575195,0.0001,0.02244893671013415,32.096920013427734,0.07999999076128006,0.020030797,0.9721418619155884
98.39,135,3481,3354624,250.7236300754416,230,0.22890625,2715,0.2,123.5504997253418,59.29255676269531,0.0001,0.012800932489335537,32.096920013427734,0.07999999076128006,0.017385906,0.963857889175415
99.96,135,3481,3356672,254.7537831724132,231,0.265625,2716,0.2,45.464134216308594,19.353727340698242,0.0001,0.010444170174499353,32.096920013427734,0.07999999076128006,0.01966562,0.9815413355827332
100.96,136,3481,3358720,257.13129915597005,232,0.216015625,2718,0.2,42.45999984741211,17.673282623291016,0.0001,0.0020951729267835615,32.096920013427734,0.07999999076128006,0.030213112,0.9805793762207031
102.21,137,3481,3360768,260.78575237455476,233,0.23515625,2719,0.2,75.98815612792968,42.38804626464844,0.0001,0.01643991768360138,32.096920013427734,0.07999999076128006,0.0180561,0.974012017250061
101.87,137,3481,3362816,259.59270326180695,234,0.2140625,2720,0.2,46.03376770019531,27.55257797241211,0.0001,0.008260048739612103,32.096920013427734,0.07999999076128006,0.017409727,0.9824873208999634
103.21,138,3481,3364864,262.7148156448423,235,0.2265625,2721,0.2,42.86169306437174,20.60037612915039,0.0001,0.012942653459807238,32.096920013427734,0.07999999076128006,0.019131575,0.9837489724159241
103.08,138,3480,3366912,261.88633907543726,236,0.251953125,2722,0.2,54.10043239593506,26.674989700317383,0.0001,0.013800397515296936,32.096920013427734,0.07999999076128006,0.023379888,0.9817092418670654
102.46,139,3480,3368960,259.8307570021955,237,0.2484375,2723,0.2,43.51473770141602,22.254243850708008,0.0001,0.01432391107082367,32.096920013427734,0.07999999076128006,0.017046297,0.9834767580032349
100.42,140,3480,3371008,253.98649368941366,238,0.228515625,2724,0.2,74.34534549713135,29.843599319458008,0.0001,0.01061303773894906,32.096920013427734,0.07999999076128006,0.01685058,0.972017765045166
98.64,140,3480,3373056,248.9684572793962,239,0.20859375,2725,0.2,57.826795196533205,24.854013442993164,0.0001,0.0129515977576375,32.096920013427734,0.07999999076128006,0.015651274,0.9786864519119263
96.99,141,3480,3375104,244.66232850363585,240,0.2001953125,2726,0.2,40.8157377243042,20.92001724243164,0.0001,0.011753421975299716,32.096920013427734,0.07999999076128006,0.015412703,0.9842274785041809
96.02,141,3480,3377152,241.72429795454963,241,0.19140625,2727,0.2,65.99752655029297,21.397363662719727,0.0001,0.007782868295907974,32.096920013427734,0.07999999076128006,0.015346974,0.9790779948234558
97.56,142,3480,3379200,245.6971631468123,242,0.1787109375,2728,0.2,70.08490800857544,30.10474395751953,0.0001,-0.0007841456681489944,32.096920013427734,0.07999999076128006,0.014163151,0.9771441221237183
99.0,142,3480,3381248,249.3624750254469,243,0.24479166666666666,2729,0.2,56.442169825236,28.82154083251953,0.0001,0.012205083156004548,32.096920013427734,0.07999999076128006,0.019408531,0.9779387712478638
99.1,143,3481,3383296,249.81350572305,244,0.28125,2730,0.2,26.929636637369793,16.421707153320312,0.0001,0.020196654833853245,32.096920013427734,0.07999999076128006,0.023204006,0.9911486506462097
100.0,144,3481,3385344,252.15691217114073,245,0.3229166666666667,2731,0.2,56.55605824788412,34.24957275390625,0.0001,0.013916940738757452,32.096920013427734,0.07999999076128006,0.037246384,0.9793983101844788
99.02,144,3481,3387392,250.06216335458225,246,0.20833333333333334,2732,0.2,29.362592697143555,14.018081665039062,0.0001,0.01572342837850253,32.096920013427734,0.07999999076128006,0.0159709,0.9896295666694641
97.76,145,3481,3389440,246.7193544087595,247,0.20963541666666666,2733,0.2,71.66293207804362,41.8422737121582,0.0001,0.004159718441466491,32.096920013427734,0.07999999076128006,0.01813382,0.9655516147613525
97.65,145,3481,3391488,246.75019608221447,248,0.17838541666666666,2734,0.2,41.332235972086586,21.749788284301758,0.0001,0.002590696637829145,32.096920013427734,0.07999999076128006,0.013379116,0.9845206141471863
96.81,146,3481,3393536,244.8627466574081,249,0.2265625,2735,0.2,34.427199840545654,17.64088249206543,0.0001,0.012653311248868704,32.096920013427734,0.07999999076128006,0.018136267,0.9880275726318359
97.85,147,3481,3395584,248.42492146940174,250,0.21484375,2736,0.2,39.26315689086914,23.82516860961914,0.0001,0.0055086249485611916,32.096920013427734,0.07999999076128006,0.020219471,0.9852280616760254
97.77,147,3482,3397632,248.52323820318662,251,0.208984375,2737,0.2,41.249691009521484,20.97950553894043,0.0001,0.009203760884702206,32.096920013427734,0.07999999076128006,0.017434683,0.9859949350357056
97.43,148,3482,3399680,247.82661145544117,252,0.21875,2738,0.2,39.18833351135254,17.840024948120117,0.0001,0.022462641820311546,32.096920013427734,0.07999999076128006,0.018324012,0.9879162907600403
96.81,148,3482,3401728,246.45953325004567,253,0.3216145833333333,2739,0.2,55.44717280069987,34.683204650878906,0.0001,0.01478944905102253,32.096920013427734,0.07999999076128006,0.04029817,0.979068398475647
96.38,149,3482,3403776,245.37637460835998,254,0.23567708333333334,2740,0.2,29.254488627115887,14.602371215820312,0.0001,0.023138160817325115,32.096920013427734,0.07999999076128006,0.018356724,0.9878652095794678
94.41,149,3482,3405824,240.30773798953592,255,0.24609375,2741,0.2,30.622365315755207,17.427228927612305,0.0001,0.01933595600227515,32.096920013427734,0.07999999076128006,0.018081225,0.9876638054847717
92.5,150,3482,3407872,235.4900870566696,256,0.25390625,2742,0.2,23.665826320648193,11.587075233459473,0.0001,0.015295827528461814,32.096920013427734,0.07999999076128006,0.019215334,0.9913212656974792
91.66,151,3482,3409920,233.37789887942043,257,0.2255859375,2743,0.2,22.50460195541382,10.144319534301758,0.0001,0.013145084492862225,32.096920013427734,0.07999999076128006,0.017181769,0.9903314113616943
90.66,151,3482,3411968,230.83530659299865,258,0.23828125,2744,0.2,123.16427421569824,65.16667175292969,0.0001,0.010915248654782772,32.096920013427734,0.07999999076128006,0.020846922,0.9544568061828613
90.07,152,3482,3414016,229.38831005208192,259,0.19010416666666666,2745,0.2,32.830483754475914,14.971210479736328,0.0001,0.01857563356558482,32.096920013427734,0.07999999076128006,0.014497875,0.9877949953079224
91.34,152,3482,3416064,232.73198313516747,260,0.15885416666666666,2746,0.2,56.12110392252604,22.727848052978516,0.0001,-0.0010340918476382892,32.096920013427734,0.07999999076128006,0.012900173,0.9783937335014343
93.32,153,3481,3418112,238.31378360311157,261,0.2490234375,2747,0.2,68.82966327667236,20.832094192504883,0.0001,0.01959531707689166,32.096920013427734,0.07999999076128006,0.018247016,0.96514493227005
93.01,154,3481,3420160,237.8973444108646,262,0.18359375,2748,0.2,109.1462516784668,64.86656951904297,0.0001,0.005235725548118353,32.096920013427734,0.07999999076128006,0.013456607,0.9620743989944458
92.66,154,3481,3422208,237.20130998002645,263,0.17578125,2749,0.2,48.85630130767822,22.99123191833496,0.0001,0.008763051591813564,32.096920013427734,0.07999999076128006,0.0134255905,0.9719566106796265
93.39,155,3481,3424256,239.03324676344607,264,0.2509765625,2750,0.2,47.09343910217285,26.140487670898438,0.0001,0.019457054790109396,32.096920013427734,0.07999999076128006,0.021642223,0.9787564873695374
92.29,155,3481,3426304,236.1464642280993,265,0.20703125,2751,0.2,22.71843719482422,10.940006256103516,0.0001,0.004323254863265902,32.096920013427734,0.07999999076128006,0.01661305,0.9923571348190308
93.1,156,3481,3428352,237.65733925119878,266,0.236328125,2752,0.2,91.68427181243896,62.982120513916016,0.0001,0.017754955450072885,32.096920013427734,0.07999999076128006,0.021448083,0.9538898468017578
93.85,157,3481,3430400,240.15238541734746,267,0.23125,2753,0.2,39.249365234375,21.073726654052734,0.0001,0.01772791026160121,32.096920013427734,0.07999999076128006,0.017213734,0.9870513677597046
94.5,157,3481,3432448,242.5250439005304,268,0.23307291666666666,2754,0.2,55.48578898111979,26.71248435974121,0.0001,0.014033753424882889,32.096920013427734,0.07999999076128006,0.019738136,0.9751303791999817
94.98,158,3481,3434496,243.740730606674,269,0.21875,2755,0.2,41.267083485921226,21.431934356689453,0.0001,0.015831357178588707,32.096920013427734,0.07999999076128006,0.017451162,0.984518826007843
95.31,158,3481,3436544,244.36766905227455,270,0.23046875,2756,0.2,35.93493938446045,16.58262825012207,0.0001,0.012967346701771021,32.096920013427734,0.07999999076128006,0.019595455,0.988012969493866
94.78,159,3481,3438592,242.46643982949453,271,0.2236328125,2757,0.2,53.46122741699219,61.02528381347656,0.0001,0.013159042224287987,32.096920013427734,0.07999999076128006,0.017646052,0.9773129820823669
93.32,160,3481,3440640,238.18747370308066,272,0.20182291666666666,2758,0.2,18.336156209309895,11.483397483825684,0.0001,0.010328485940893492,32.096920013427734,0.07999999076128006,0.018946877,0.9933885335922241
94.48,160,3481,3442688,241.37605202742466,273,0.21875,2759,0.2,28.846548716227215,13.619215965270996,0.0001,0.009159054607152939,32.096920013427734,0.07999999076128006,0.020023478,0.9891693592071533
94.43,161,3481,3444736,241.1866041055433,274,0.234375,2760,0.2,35.56073188781738,19.32021713256836,0.0001,0.014062031482656797,32.096920013427734,0.07999999076128006,0.02023095,0.9841201901435852
94.8,161,3481,3446784,242.51363737004783,275,0.203125,2761,0.2,66.26619338989258,38.63056945800781,0.0001,0.007625749800354242,32.096920013427734,0.07999999076128006,0.016092548,0.9778021574020386
96.47,162,3481,3448832,246.55794594013955,276,0.22265625,2762,0.2,46.185359954833984,23.491863250732422,0.0001,0.006959293037652969,32.096920013427734,0.07999999076128006,0.01793114,0.9826964139938354
96.86,162,3481,3450880,247.01467801353226,277,0.22395833333333334,2763,0.2,28.620746930440266,10.744837760925293,0.0001,0.01627399663751324,32.096920013427734,0.07999999076128006,0.016317993,0.9904981851577759
98.41,163,3481,3452928,250.70749013756438,278,0.2522786458333333,2765,0.2,47.3420524597168,24.320571899414062,0.0001,0.0064330062208076315,32.096920013427734,0.07999999076128006,0.022608154,0.980767011642456
99.52,164,3481,3454976,253.21073484324353,279,0.22786458333333334,2766,0.2,33.08907381693522,16.455167770385742,0.0001,0.010176453739404678,32.096920013427734,0.07999999076128006,0.01610973,0.9895960688591003
101.82,164,3481,3457024,258.6133313649363,280,0.19010416666666666,2767,0.2,59.574703216552734,31.249408721923828,0.0001,0.002683961453537146,32.096920013427734,0.07999999076128006,0.014160082,0.9776721596717834
101.38,165,3482,3459072,256.96868987283716,281,0.25,2768,0.2,41.21159362792969,19.64164161682129,0.0001,0.009283761959522963,32.096920013427734,0.07999999076128006,0.020289421,0.9871737957000732
103.38,165,3482,3461120,262.1534409778978,282,0.2526041666666667,2769,0.2,46.313944498697914,22.690834045410156,0.0001,0.010719625279307365,32.096920013427734,0.07999999076128006,0.02127186,0.9804270267486572
102.63,166,3482,3463168,260.39836183241863,283,0.18098958333333334,2770,0.2,46.55083338419596,24.66885757446289,0.0001,0.013191220040122667,32.096920013427734,0.07999999076128006,0.012904231,0.9853147864341736
102.34,167,3482,3465216,259.34288623274426,284,0.1875,2771,0.2,44.73489570617676,20.534948348999023,0.0001,0.011535756755620241,32.096920013427734,0.07999999076128006,0.014143771,0.9838314652442932
100.62,167,3482,3467264,254.55073001738776,285,0.3125,2772,0.2,34.9280891418457,18.648914337158203,0.0001,0.03510844707489014,32.096920013427734,0.07999999076128006,0.035667617,0.9876942038536072
97.94,168,3482,3469312,246.87624656924788,286,0.2568359375,2773,0.2,40.16143035888672,18.29721450805664,0.0001,0.02329797064885497,32.096920013427734,0.07999999076128006,0.024330625,0.9862874746322632
98.1,168,3482,3471360,247.22015471302257,287,0.1611328125,2774,0.2,125.53399896621704,13.995711326599121,0.0001,0.010505371261388063,32.096920013427734,0.07999999076128006,0.012450498,0.9634562134742737
97.71,169,3482,3473408,245.10444762579934,288,0.1884765625,2775,0.2,33.66853713989258,17.795085906982422,0.0001,-0.0010173351038247347,32.096920013427734,0.07999999076128006,0.014118716,0.9880595207214355
98.52,169,3482,3475456,246.65480299444351,289,0.18229166666666666,2776,0.2,37.65654945373535,21.56053352355957,0.0001,0.018721355125308037,32.096920013427734,0.07999999076128006,0.0141367195,0.9866657257080078
99.21,170,3482,3477504,248.52172464255273,290,0.17578125,2777,0.2,32.68326187133789,18.407867431640625,0.0001,0.009955308710535368,32.096920013427734,0.07999999076128006,0.01267843,0.9878187775611877
100.25,171,3482,3479552,251.3807553688779,291,0.28125,2778,0.2,34.05445098876953,17.60283088684082,0.0001,0.012254453264176846,32.096920013427734,0.07999999076128006,0.02495882,0.9856621026992798
100.01,171,3482,3481600,250.15400017142542,292,0.15494791666666666,2779,0.2,33.442307790120445,17.582740783691406,0.0001,0.009767965724070867,32.096920013427734,0.07999999076128006,0.014024142,0.9876816868782043
99.08,172,3481,3483648,247.74152431958152,293,0.21796875,2780,0.2,30.851029205322266,14.576287269592285,0.0001,0.013433022424578667,32.096920013427734,0.07999999076128006,0.015770292,0.9886071681976318
97.07,172,3481,3485696,241.81159553514397,294,0.3268229166666667,2781,0.2,33.515794118245445,15.854040145874023,0.0001,0.024213802069425583,32.096920013427734,0.07999999076128006,0.035606567,0.98621666431427
96.26,173,3481,3487744,238.92905342803192,295,0.26953125,2782,0.2,32.69293721516927,18.41893196105957,0.0001,0.015740338092048962,32.096920013427734,0.07999999076128006,0.025324782,0.9867699146270752
96.1,174,3480,3489792,238.05471618371342,296,0.3111979166666667,2783,0.2,31.228342692057293,17.728479385375977,0.0001,0.0216631352280577,32.096920013427734,0.07999999076128006,0.032807425,0.9871422648429871
96.03,174,3481,3491840,236.8090016406772,297,0.22135416666666666,2784,0.2,42.22503916422526,22.49968719482422,0.0001,0.010940256838997206,32.096920013427734,0.07999999076128006,0.017651565,0.9840028882026672
95.23,175,3481,3493888,233.69718487860922,298,0.2109375,2785,0.2,34.45230770111084,15.208239555358887,0.0001,0.01164753083139658,32.096920013427734,0.07999999076128006,0.017701764,0.9884664416313171
95.6,175,3481,3495936,233.63331549719652,299,0.173828125,2786,0.2,41.772141456604004,20.02988052368164,0.0001,0.012533760746009648,32.096920013427734,0.07999999076128006,0.013006818,0.9841229915618896
93.14,176,3481,3497984,225.70892757514355,300,0.21028645833333334,2787,0.2,55.34400622049967,23.39093589782715,0.0001,0.008987961647411188,32.096920013427734,0.07999999076128006,0.01663963,0.9793163537979126
93.15,177,3481,3500032,225.0961746529407,301,0.23883928571428573,2788,0.2,31.601464680262975,15.553762435913086,0.0001,0.01504665959094252,32.096920013427734,0.07999999076128006,0.01675564,0.9874337911605835
92.14,177,3481,3502080,222.04823452910196,302,0.25,2789,0.2,40.138959884643555,17.927743911743164,0.0001,0.010908274911344051,32.096920013427734,0.07999999076128006,0.019463873,0.9836406111717224
91.26,178,3481,3504128,219.19406541295106,303,0.16666666666666666,2790,0.2,27.08903439839681,12.657072067260742,0.0001,-0.0025139047453800836,32.096920013427734,0.07999999076128006,0.012644418,0.9892454743385315
90.93,178,3481,3506176,217.81001234873932,304,0.2041015625,2791,0.2,37.42988681793213,18.084518432617188,0.0001,0.009754061931744218,32.096920013427734,0.07999999076128006,0.016563378,0.9833348393440247
89.77,179,3481,3508224,213.92274490372452,305,0.208984375,2792,0.2,51.64247194925944,27.842287063598633,0.0001,0.005581761555125316,32.096920013427734,0.07999999076128006,0.013728772,0.9765089750289917
89.82,180,3481,3510272,213.34293408696252,306,0.24348958333333334,2793,0.2,36.40530776977539,16.577213287353516,0.0001,0.01704635222752889,32.096920013427734,0.07999999076128006,0.020154988,0.9871179461479187
89.69,180,3481,3512320,212.27079583945323,307,0.1845703125,2794,0.2,35.72936534881592,17.036346435546875,0.0001,0.003681314643472433,32.096920013427734,0.07999999076128006,0.013497725,0.9842380881309509
90.49,181,3481,3514368,213.87806105028432,308,0.208984375,2795,0.2,41.99653625488281,20.883790969848633,0.0001,0.008830998092889786,32.096920013427734,0.07999999076128006,0.014248224,0.9808589816093445
91.7,181,3481,3516416,216.82357579585317,309,0.23046875,2796,0.2,25.80206553141276,11.548827171325684,0.0001,0.0002575938900311788,32.096920013427734,0.07999999076128006,0.020436788,0.9903078079223633
92.27,182,3481,3518464,217.95857863420912,310,0.23046875,2797,0.2,47.28221638997396,25.57402992248535,0.0001,0.013577819801867008,32.096920013427734,0.07999999076128006,0.01919104,0.9794739484786987
94.89,182,3482,3520512,225.06755611558899,311,0.2890625,2798,0.2,51.45900821685791,24.486175537109375,0.0001,0.0073251002468168736,32.096920013427734,0.07999999076128006,0.02233137,0.9770605564117432
94.7,183,3482,3522560,224.98982439042004,312,0.2109375,2799,0.2,46.936890284220375,25.378131866455078,0.0001,0.01350709043132762,32.096920013427734,0.07999999076128006,0.016607242,0.9839419722557068
94.81,184,3482,3524608,226.2947746563609,313,0.2333984375,2800,0.2,99.24695587158203,101.90108489990234,0.0001,0.00940507696941495,32.096920013427734,0.07999999076128006,0.020179734,0.9580500721931458
97.49,184,3482,3526656,233.76935474185981,314,0.20870535714285715,2801,0.2,160.99921308244978,89.73965454101562,0.0001,0.0053035906915153775,32.096920013427734,0.07999999076128006,0.014815244,0.9313087463378906
96.63,185,3481,3528704,231.83689466087594,315,0.203125,2802,0.2,41.71169980367025,20.024707794189453,0.0001,0.007768689965208371,32.096920013427734,0.07999999076128006,0.017092435,0.9867247939109802
97.14,185,3482,3530752,233.51927291688062,316,0.1591796875,2803,0.2,42.650546073913574,23.74401092529297,0.0001,0.00315350410528481,32.096920013427734,0.07999999076128006,0.012584738,0.9811444282531738
96.64,186,3482,3532800,232.96364312201868,317,0.23177083333333334,2804,0.2,30.210681279500324,14.671875,0.0001,0.00880825954178969,32.096920013427734,0.07999999076128006,0.015500263,0.9897415637969971
98.19,187,3482,3534848,236.72410601830373,318,0.19140625,2805,0.2,211.5655689239502,76.24193572998047,0.0001,0.01029668957926333,32.096920013427734,0.07999999076128006,0.015839798,0.9325066804885864
99.16,187,3482,3536896,240.4834577337886,319,0.20768229166666666,2806,0.2,78.51168441772461,36.540897369384766,0.0001,0.007912555864701668,32.096920013427734,0.07999999076128006,0.015696086,0.9682022929191589
100.47,188,3482,3538944,244.10387687265995,320,0.2585227272727273,2808,0.2,103.69385181773792,70.0372085571289,0.0001,0.009572716429829597,32.096920013427734,0.07999999076128006,0.03452639,0.9602545499801636
100.79,188,3482,3540992,245.5249229502178,321,0.2565104166666667,2809,0.2,73.25075149536133,30.12759017944336,0.0001,0.014923810337980589,32.096920013427734,0.07999999076128006,0.026222846,0.9693353772163391
103.37,189,3482,3543040,251.86583774622252,322,0.2421875,2810,0.2,82.0519847869873,44.319488525390625,0.0001,0.007880514487624168,32.096920013427734,0.07999999076128006,0.019647691,0.956483006477356
103.28,189,3482,3545088,251.1446114609754,323,0.22200520833333334,2811,0.2,138.65464401245117,29.463459014892578,0.0001,0.007479210461800297,32.096920013427734,0.07999999076128006,0.015744338,0.9555030465126038
102.46,190,3483,3547136,247.68779138655336,324,0.19296875,2812,0.2,63.81010971069336,30.36334800720215,0.0001,0.0034823687747120857,32.096920013427734,0.07999999076128006,0.015188372,0.9747354388237
101.26,191,3483,3549184,243.97686023646185,325,0.2333984375,2813,0.2,42.247440338134766,20.772947311401367,0.0001,0.01999044045805931,32.096920013427734,0.07999999076128006,0.018480284,0.9846479892730713
100.24,191,3483,3551232,239.9315722852441,326,0.2001953125,2814,0.2,70.82507419586182,30.54983901977539,0.0001,0.005897823721170425,32.096920013427734,0.07999999076128006,0.01691925,0.9752498269081116
98.42,192,3483,3553280,234.95139077262814,327,0.189453125,2815,0.2,128.4134349822998,103.45093536376953,0.0001,0.0037764348089694977,32.096920013427734,0.07999999076128006,0.015657656,0.9529345035552979
97.73,192,3483,3555328,232.99884781716042,328,0.1923828125,2816,0.2,171.36437606811523,145.76751708984375,0.0001,0.000527862343005836,32.096920013427734,0.07999999076128006,0.014415714,0.943938672542572
95.49,193,3484,3557376,226.85668574334974,329,0.232421875,2817,0.2,112.04212379455566,58.18206024169922,0.0001,0.003389682387933135,32.096920013427734,0.07999999076128006,0.01944301,0.9498157501220703
97.27,193,3484,3559424,231.5736731645202,330,0.177734375,2818,0.2,126.53663158416748,73.88902282714844,0.0001,0.007197910221293569,32.096920013427734,0.07999999076128006,0.014451971,0.9446586966514587
98.74,194,3484,3561472,234.98302232583913,331,0.31015625,2820,0.2,63.32512283325195,32.608360290527344,0.0001,0.010215116199105978,32.096920013427734,0.07999999076128006,0.039183505,0.977126955986023
99.87,195,3484,3563520,237.97114110842017,332,0.3020833333333333,2821,0.2,89.21815745035808,39.107669830322266,0.0001,0.017580249657233555,32.096920013427734,0.07999999076128006,0.030783342,0.956240177154541
100.97,195,3484,3565568,240.49167820511394,333,0.22395833333333334,2822,0.2,58.41403579711914,26.42464256286621,0.0001,0.011795903866489729,32.096920013427734,0.07999999076128006,0.018563682,0.9780048131942749
98.62,196,3484,3567616,234.68508124478754,334,0.23046875,2823,0.2,64.34259605407715,28.240026473999023,0.0001,0.011589815374463797,32.096920013427734,0.07999999076128006,0.019600235,0.9750996828079224
97.81,196,3485,3569664,232.650947853729,335,0.16328125,2824,0.2,348.18134155273435,263.7727966308594,0.0001,0.0004856392741203308,32.096920013427734,0.07999999076128006,0.012811711,0.8964943885803223
98.48,197,3485,3571712,234.1388455525269,336,0.1669921875,2825,0.2,59.630990982055664,32.98817443847656,0.0001,0.006586707662791014,32.096920013427734,0.07999999076128006,0.0126503995,0.9753444194793701
97.24,198,3485,3573760,230.60550735323602,337,0.1865234375,2826,0.2,52.79601860046387,25.298452377319336,0.0001,0.006922610569745302,32.096920013427734,0.07999999076128006,0.014930344,0.9813492298126221
97.38,198,3484,3575808,231.2699033081274,338,0.23828125,2827,0.2,73.02338409423828,34.86294937133789,0.0001,0.013747260440140963,32.096920013427734,0.07999999076128006,0.020850033,0.9678242802619934
99.27,199,3484,3577856,235.58540995829105,339,0.18684895833333334,2828,0.2,113.4486312866211,24.23308563232422,0.0001,0.01392862955496336,32.096920013427734,0.07999999076128006,0.014214117,0.955345869064331
99.38,199,3484,3579904,235.76634226627968,340,0.236328125,2829,0.2,42.86034870147705,20.01317024230957,0.0001,0.011616519186645746,32.096920013427734,0.07999999076128006,0.019953597,0.9840771555900574
100.38,200,3484,3581952,238.9942880418447,341,0.2021484375,2830,0.2,72.8558177947998,34.425777435302734,0.0001,0.003194638527929783,32.096920013427734,0.07999999076128006,0.015692288,0.9710808992385864
102.31,200,3484,3584000,244.1717929604991,342,0.21809895833333334,2831,0.2,64.60815175374348,32.79685592651367,0.0001,0.010757855760554472,32.096920013427734,0.07999999076128006,0.015716298,0.9729922413825989
102.27,201,3484,3586048,243.79906053883298,343,0.24088541666666666,2832,0.2,52.59776051839193,28.649625778198242,0.0001,0.01635068158308665,32.096920013427734,0.07999999076128006,0.017812157,0.9817559123039246
104.73,202,3484,3588096,250.5348519898537,344,0.2255859375,2834,0.2,89.41384251912434,40.88923645019531,0.0001,0.007590783255485197,32.096920013427734,0.07999999076128006,0.022777192,0.9649652242660522
106.83,202,3485,3590144,256.13947538135625,345,0.171875,2835,0.2,76.76636505126953,32.94465637207031,0.0001,0.009245195891708136,32.096920013427734,0.07999999076128006,0.012637036,0.9710199236869812
105.57,203,3485,3592192,252.65451335053874,346,0.1728515625,2836,0.2,83.1869888305664,36.5117073059082,0.0001,0.006824310403317213,32.096920013427734,0.07999999076128006,0.01289581,0.9701615571975708
104.8,203,3485,3594240,250.44868694934928,347,0.196875,2837,0.2,134.71337203979493,119.5395736694336,0.0001,0.0019382057711482049,32.096920013427734,0.07999999076128006,0.01411024,0.9548013210296631
104.88,204,3485,3596288,250.40981103008627,348,0.18203125,2838,0.2,62.65664138793945,34.40309143066406,0.0001,0.004250727873295545,32.096920013427734,0.07999999076128006,0.012958681,0.979640007019043
103.88,205,3485,3598336,247.07351737763526,349,0.18619791666666666,2839,0.2,64.0034662882487,35.46969985961914,0.0001,0.006541819466898839,32.096920013427734,0.07999999076128006,0.014599569,0.9757440090179443
102.23,205,3485,3600384,242.5280575321018,350,0.253125,2840,0.2,48.55288543701172,25.347793579101562,0.0001,0.015310733020305634,32.096920013427734,0.07999999076128006,0.01861551,0.9842739105224609
102.68,206,3485,3602432,243.3202577351902,351,0.240234375,2842,0.2,70.88203201293945,30.108476638793945,0.0001,0.011259803315624595,32.096920013427734,0.07999999076128006,0.025628272,0.971531331539154
102.29,206,3485,3604480,242.1060098485574,352,0.224609375,2843,0.2,45.27429389953613,20.990270614624023,0.0001,0.012639014981687069,32.096920013427734,0.07999999076128006,0.017634902,0.9824491143226624
103.2,207,3485,3606528,244.77201658931452,353,0.27064732142857145,2844,0.2,54.646267482212615,30.176095962524414,0.0001,0.01999974942633084,32.096920013427734,0.07999999076128006,0.020414546,0.9795739054679871
102.75,207,3485,3608576,243.52130174700386,354,0.21484375,2845,0.2,46.95414733886719,22.805543899536133,0.0001,0.007166491976628701,32.096920013427734,0.07999999076128006,0.015499351,0.9824262857437134
101.23,208,3486,3610624,240.5843887682622,355,0.224609375,2846,0.2,59.87534046173096,29.317058563232422,0.0001,0.015910353511571884,32.096920013427734,0.07999999076128006,0.018135395,0.9797214865684509
102.04,209,3486,3612672,242.71368383691635,356,0.18125,2847,0.2,163.16739044189453,119.80677032470703,0.0001,0.01057292651385069,32.096920013427734,0.07999999076128006,0.0142161995,0.9181588888168335
98.96,209,3486,3614720,235.95798646711216,357,0.244140625,2848,0.2,37.34088134765625,19.340356826782227,0.0001,0.012879544869065285,32.096920013427734,0.07999999076128006,0.01738181,0.9868419766426086
98.36,210,3486,3616768,234.63304528939224,358,0.20368303571428573,2849,0.2,226.86427089146204,85.4665298461914,0.0001,0.014917045565588134,32.096920013427734,0.07999999076128006,0.015240437,0.9158265590667725
97.35,210,3486,3618816,232.60188860414308,359,0.19270833333333334,2850,0.2,48.67346064249674,20.429922103881836,0.0001,0.012955818480501572,32.096920013427734,0.07999999076128006,0.014706983,0.982120931148529
97.95,211,3486,3620864,234.2367131245937,360,0.173828125,2851,0.2,51.50085163116455,21.815433502197266,0.0001,0.009164010873064399,32.096920013427734,0.07999999076128006,0.01363869,0.9813888669013977
97.11,212,3486,3622912,231.4974630058991,361,0.28828125,2853,0.2,40.23151550292969,18.25254249572754,0.0001,0.013812861032783985,32.096920013427734,0.07999999076128006,0.030264761,0.9847825169563293
100.16,212,3486,3624960,238.91374750454102,362,0.23883928571428573,2854,0.2,54.210871015276226,22.951242446899414,0.0001,0.012136418505438737,32.096920013427734,0.07999999076128006,0.016576381,0.9784195423126221
101.02,213,3487,3627008,241.27152201269564,363,0.23828125,2855,0.2,41.24944877624512,22.24883270263672,0.0001,0.013887094566598535,32.096920013427734,0.07999999076128006,0.018542923,0.984951913356781
100.29,213,3487,3629056,239.16711251484995,364,0.197265625,2856,0.2,54.10939121246338,26.0748233795166,0.0001,0.014036406297236681,32.096920013427734,0.07999999076128006,0.015404246,0.9787956476211548
101.65,214,3487,3631104,242.3230063909872,365,0.18229166666666666,2857,0.2,42.90951156616211,17.91570472717285,0.0001,-0.0005777009452382723,32.096920013427734,0.07999999076128006,0.014226872,0.9801930785179138
103.75,214,3487,3633152,247.9184536030289,366,0.20703125,2858,0.2,50.242871602376304,23.806434631347656,0.0001,0.010515086197604736,32.096920013427734,0.07999999076128006,0.016531141,0.9802020788192749
102.18,215,3487,3635200,244.24296862165488,367,0.2747395833333333,2859,0.2,58.522935231526695,27.215137481689453,0.0001,0.006543705550332864,32.096920013427734,0.07999999076128006,0.02105149,0.978864312171936
101.83,216,3488,3637248,243.46395095297376,368,0.18619791666666666,2860,0.2,60.48683547973633,33.540435791015625,0.0001,0.012995082264145216,32.096920013427734,0.07999999076128006,0.015067279,0.9767550230026245
101.68,216,3488,3639296,243.24633237147324,369,0.2666015625,2861,0.2,38.80448532104492,21.644865036010742,0.0001,0.013279436156153679,32.096920013427734,0.07999999076128006,0.026627969,0.9846060872077942
102.04,217,3488,3641344,244.76462511794514,370,0.2607421875,2862,0.2,38.65204620361328,18.053564071655273,0.0001,0.009990335092879832,32.096920013427734,0.07999999076128006,0.023108484,0.9863942861557007
101.36,217,3488,3643392,243.92152151014005,371,0.2216796875,2863,0.2,53.03275394439697,27.118194580078125,0.0001,0.012826984748244286,32.096920013427734,0.07999999076128006,0.018549293,0.9809993505477905
100.85,218,3488,3645440,243.01693674751408,372,0.2119140625,2864,0.2,43.97220325469971,20.05857276916504,0.0001,0.00814349902793765,32.096920013427734,0.07999999076128006,0.01549943,0.9834508299827576
100.18,218,3488,3647488,242.16278228540287,373,0.23660714285714285,2865,0.2,77.37823377336774,43.54676818847656,0.0001,0.012737045862845011,32.096920013427734,0.07999999076128006,0.017238585,0.9758254885673523
99.95,219,3488,3649536,241.91032010184728,374,0.31640625,2866,0.2,72.79298146565755,34.27572250366211,0.0001,0.013321975866953531,32.096920013427734,0.07999999076128006,0.036438905,0.9702901244163513
98.24,220,3488,3651584,237.7790175891609,375,0.3606770833333333,2867,0.2,35.8184700012207,17.83578872680664,0.0001,0.03403633957107862,32.096920013427734,0.07999999076128006,0.04221876,0.9869762063026428
96.42,220,3487,3653632,233.0388847826677,376,0.2604166666666667,2868,0.2,57.3943837483724,37.631736755371094,0.0001,0.010362026281654835,32.096920013427734,0.07999999076128006,0.021072024,0.9767716526985168
94.36,221,3487,3655680,228.22183752970597,377,0.2646484375,2869,0.2,218.0149269104004,125.26304626464844,0.0001,0.010237408336251974,32.096920013427734,0.07999999076128006,0.023494286,0.9162837862968445
90.66,221,3488,3657728,218.71263244121445,378,0.1669921875,2870,0.2,266.8992118835449,87.57159423828125,0.0001,0.019119131844490767,32.096920013427734,0.07999999076128006,0.012663169,0.918020486831665
83.13,222,3488,3659776,200.52392303824448,379,0.18828125,2871,0.2,265.9123931884766,133.03775024414062,0.0001,0.0016186898574233055,32.096920013427734,0.07999999076128006,0.0132022025,0.9051878452301025
77.9,223,3488,3661824,187.74839086589066,380,0.18424479166666666,2872,0.2,547.7726593017578,221.07376098632812,0.0001,0.012913045939058065,32.096920013427734,0.07999999076128006,0.013709731,0.7832552194595337
76.05,223,3488,3663872,183.4953941246283,381,0.17822265625,2873,0.2,301.633207321167,93.16156768798828,0.0001,0.0020815671887248755,32.096920013427734,0.07999999076128006,0.013166279,0.8745245933532715
72.09,224,3488,3665920,174.37640753416443,382,0.184375,2875,0.2,324.6150238037109,175.56112670898438,0.0001,0.0010761487996205688,32.096920013427734,0.07999999076128006,0.030063063,0.8376172780990601
79.35,224,3488,3667968,191.4023174313521,383,0.2124565972222222,2878,0.2,261.2403293185764,170.94955444335938,0.0001,-0.0015070540571792258,32.096920013427734,0.07999999076128006,0.032851826,0.8468255996704102
82.67,225,3488,3670016,199.4435845651036,384,0.257080078125,2880,0.2,83.56862115859985,43.78504943847656,0.0001,0.0009940265445038676,32.096920013427734,0.07999999076128006,0.021061424,0.9539855122566223
85.93,226,3488,3672064,206.49964828329513,385,0.21614583333333334,2881,0.2,117.47838592529297,48.09476852416992,0.0001,0.010980079571406046,32.096920013427734,0.07999999076128006,0.017251836,0.9340124130249023
88.52,226,3488,3674112,212.68574585799053,386,0.2294921875,2882,0.2,94.93859481811523,45.32219314575195,0.0001,0.008641680469736457,32.096920013427734,0.07999999076128006,0.018004645,0.9535025358200073
90.12,227,3488,3676160,216.27087110425046,387,0.1921875,2883,0.2,160.32331085205078,99.16328430175781,0.0001,0.006255170237272978,32.096920013427734,0.07999999076128006,0.0141984355,0.9303015470504761
90.83,227,3488,3678208,218.1644284178767,388,0.21484375,2885,0.2,92.97357864379883,55.33903884887695,0.0001,0.007318153278902173,32.096920013427734,0.07999999076128006,0.034983434,0.953016996383667
90.61,228,3488,3680256,218.77965198100054,389,0.1943359375,2886,0.2,229.5781707763672,114.48221588134766,0.0001,0.008344492875039577,32.096920013427734,0.07999999076128006,0.014982663,0.9046717882156372
91.9,228,3488,3682304,223.38217973145808,390,0.20546875,2887,0.2,153.37810363769532,86.0186767578125,0.0001,0.004602006636559963,32.096920013427734,0.07999999076128006,0.015873665,0.9389455318450928
93.98,229,3488,3684352,227.9519290739948,391,0.21028645833333334,2888,0.2,241.29363505045572,127.60041046142578,0.0001,0.0048937187530100346,32.096920013427734,0.07999999076128006,0.015035463,0.897812008857727
96.73,230,3487,3686400,233.71759048874264,392,0.264892578125,2890,0.2,51.26719784736633,18.798688888549805,0.0001,0.007621287775691599,32.096920013427734,0.07999999076128006,0.022495633,0.9804737567901611
95.14,230,3487,3688448,230.2187527071633,393,0.2591145833333333,2891,0.2,51.771252950032554,23.397220611572266,0.0001,0.02202681141595046,32.096920013427734,0.07999999076128006,0.024921,0.9813905358314514
94.86,231,3487,3690496,228.54959658459418,394,0.2515625,2892,0.2,293.7643615722656,215.49996948242188,0.0001,0.009058869257569314,32.096920013427734,0.07999999076128006,0.019512847,0.8721446394920349
95.75,231,3487,3692544,229.7545376064715,395,0.181640625,2893,0.2,102.9630184173584,47.9294319152832,0.0001,0.0033318662317469716,32.096920013427734,0.07999999076128006,0.012384861,0.9484983682632446
95.61,232,3487,3694592,230.1254258502232,396,0.1767578125,2894,0.2,141.8649024963379,144.0196533203125,0.0001,0.003144101472571492,32.096920013427734,0.07999999076128006,0.014450149,0.9442112445831299
94.38,233,3487,3696640,226.41953541246457,397,0.154296875,2895,0.2,89.17842292785645,38.632476806640625,0.0001,0.0075472726020962,32.096920013427734,0.07999999076128006,0.01243435,0.9546250700950623
96.12,233,3487,3698688,229.6732812101913,398,0.165625,2896,0.2,86.36994323730468,34.334144592285156,0.0001,0.009626175835728645,32.096920013427734,0.07999999076128006,0.0121808695,0.9660513997077942
97.63,234,3487,3700736,233.69358843085854,399,0.24386160714285715,2897,0.2,83.75933292933873,47.85304260253906,0.0001,0.014876154051827533,32.096920013427734,0.07999999076128006,0.019339476,0.9696865677833557
97.45,234,3487,3702784,233.05868001684212,400,0.22526041666666666,2898,0.2,72.67765808105469,43.88604736328125,0.0001,-0.005445956562956174,32.096920013427734,0.07999999076128006,0.017672574,0.9703888297080994
97.73,235,3487,3704832,233.6166198005127,401,0.203125,2899,0.2,179.11405181884766,59.37020492553711,0.0001,0.007501967251300812,32.096920013427734,0.07999999076128006,0.01610443,0.9487413763999939
96.14,236,3487,3706880,229.86513274023045,402,0.18229166666666666,2900,0.2,113.85443369547527,62.68718338012695,0.0001,0.009937072172760963,32.096920013427734,0.07999999076128006,0.013757666,0.9569792151451111
97.87,236,3488,3708928,234.4487304682154,403,0.236328125,2901,0.2,168.11574172973633,89.67070770263672,0.0001,0.012758124386891723,32.096920013427734,0.07999999076128006,0.01930396,0.9385862350463867
98.24,237,3488,3710976,235.4285960163358,404,0.1767578125,2902,0.2,65.44552421569824,30.128559112548828,0.0001,0.008915300015360117,32.096920013427734,0.07999999076128006,0.014067071,0.9721860885620117
97.61,237,3488,3713024,233.88374999953464,405,0.21614583333333334,2903,0.2,66.24228413899739,34.4783821105957,0.0001,0.01003608542184035,32.096920013427734,0.07999999076128006,0.017608711,0.9737525582313538
98.69,238,3488,3715072,237.11552831802078,406,0.17708333333333334,2904,0.2,103.1061503092448,62.04711151123047,0.0001,0.0024899269143740335,32.096920013427734,0.07999999076128006,0.013999544,0.9635513424873352
100.95,238,3488,3717120,243.1880710826634,407,0.232421875,2905,0.2,128.22087860107422,50.906585693359375,0.0001,0.013001580256968737,32.096920013427734,0.07999999076128006,0.01668893,0.9540113806724548
100.27,239,3488,3719168,241.68803468474874,408,0.24107142857142858,2906,0.2,56.433353424072266,23.898542404174805,0.0001,0.009591272899082728,32.096920013427734,0.07999999076128006,0.016974287,0.9752771854400635
99.28,240,3488,3721216,239.53900587988934,409,0.19270833333333334,2907,0.2,45.679091135660805,24.065412521362305,0.0001,0.012438199327637752,32.096920013427734,0.07999999076128006,0.0154674975,0.9807870984077454
100.87,240,3488,3723264,243.78075042330306,410,0.21484375,2908,0.2,70.7636947631836,27.57363510131836,0.0001,0.014735071764638027,32.096920013427734,0.07999999076128006,0.0150978,0.9668985605239868
102.31,241,3489,3725312,247.54514647250232,411,0.22578125,2909,0.2,67.52815856933594,36.416229248046875,0.0001,0.016514691710472106,32.096920013427734,0.07999999076128006,0.015849253,0.9765583276748657
102.47,241,3489,3727360,248.0461609918109,412,0.1865234375,2910,0.2,70.31939315795898,34.935943603515625,0.0001,0.007309995125979185,32.096920013427734,0.07999999076128006,0.013692286,0.9736157655715942
102.25,242,3489,3729408,247.471700901331,413,0.2041015625,2911,0.2,60.7238712310791,31.728206634521484,0.0001,0.006772776832804084,32.096920013427734,0.07999999076128006,0.014277569,0.979222297668457
102.89,243,3489,3731456,248.65485479727718,414,0.2125,2912,0.2,65.54572067260742,29.683963775634766,0.0001,0.015163792669773102,32.096920013427734,0.07999999076128006,0.016197879,0.9784412384033203
102.83,243,3489,3733504,248.50114783101202,415,0.1875,2913,0.2,59.08625793457031,29.17875099182129,0.0001,0.011249368699888388,32.096920013427734,0.07999999076128006,0.016138181,0.9785842299461365
101.44,244,3489,3735552,244.28891274594744,416,0.23046875,2914,0.2,44.08848476409912,23.44131851196289,0.0001,0.02004867815412581,32.096920013427734,0.07999999076128006,0.0179421,0.9858734011650085
100.63,244,3489,3737600,241.849702838965,417,0.203125,2915,0.2,40.55299186706543,17.463817596435547,0.0001,0.009295946452766657,32.096920013427734,0.07999999076128006,0.0161349,0.9849305152893066
100.0,245,3489,3739648,240.10955500830963,418,0.216796875,2916,0.2,54.97255992889404,27.543991088867188,0.0001,0.01086602988652885,32.096920013427734,0.07999999076128006,0.017024145,0.9805418252944946
100.23,245,3489,3741696,241.9770694410601,419,0.2119140625,2917,0.2,64.16560363769531,39.61256790161133,0.0001,0.013335302006453276,32.096920013427734,0.07999999076128006,0.017372996,0.979704737663269
100.02,246,3489,3743744,241.83877267511198,420,0.1859375,2918,0.2,89.28177795410156,49.728816986083984,0.0001,-0.0013072306290268898,32.096920013427734,0.07999999076128006,0.013753787,0.9693676233291626
101.13,247,3489,3745792,245.3170517590774,421,0.22578125,2920,0.2,48.87938117980957,24.973220825195312,0.0001,0.011200567195191979,32.096920013427734,0.07999999076128006,0.03087885,0.9824241399765015
102.04,247,3489,3747840,248.15676011729184,422,0.2669270833333333,2921,0.2,53.57529830932617,21.28546142578125,0.0001,0.020432713131109875,32.096920013427734,0.07999999076128006,0.027646346,0.9819324612617493
101.71,248,3489,3749888,247.43191953317873,423,0.20182291666666666,2922,0.2,65.57315444946289,38.84571838378906,0.0001,0.014700918768843016,32.096920013427734,0.07999999076128006,0.016134229,0.9784330725669861
102.41,248,3489,3751936,249.1053232855303,424,0.2392578125,2923,0.2,58.08646869659424,30.688867568969727,0.0001,0.006110381335020065,32.096920013427734,0.07999999076128006,0.020313332,0.9777852296829224
102.21,249,3489,3753984,248.2055283198968,425,0.2669270833333333,2924,0.2,39.46319325764974,18.542356491088867,0.0001,0.010635187849402428,32.096920013427734,0.07999999076128006,0.019657414,0.985252857208252
100.91,249,3490,3756032,245.03064749339657,426,0.2526041666666667,2925,0.2,35.92386372884115,16.624162673950195,0.0001,0.018703242763876915,32.096920013427734,0.07999999076128006,0.020067021,0.9862182140350342
100.63,250,3490,3758080,244.377953942965,427,0.19140625,2926,0.2,44.33140563964844,22.33323097229004,0.0001,0.0035010450519621372,32.096920013427734,0.07999999076128006,0.0153124025,0.982653796672821
100.78,251,3490,3760128,244.00847782421783,428,0.21744791666666666,2927,0.2,43.42237854003906,20.05225944519043,0.0001,0.016951071098446846,32.096920013427734,0.07999999076128006,0.015494347,0.9854492545127869
100.85,251,3490,3762176,243.71113517633916,429,0.220703125,2928,0.2,34.52180194854736,17.61918067932129,0.0001,0.008077822159975767,32.096920013427734,0.07999999076128006,0.017499074,0.9873765110969543
102.68,252,3490,3764224,248.82218898073734,430,0.23046875,2929,0.2,55.8802131652832,25.938106536865234,0.0001,0.012832352705299855,32.096920013427734,0.07999999076128006,0.018102834,0.9774542450904846
102.24,252,3490,3766272,247.44896623560055,431,0.21614583333333334,2930,0.2,44.716660817464195,22.343107223510742,0.0001,0.008958787967761358,32.096920013427734,0.07999999076128006,0.014978796,0.9842525124549866
102.72,253,3490,3768320,248.88175420113694,432,0.19921875,2931,0.2,54.29016240437826,25.436115264892578,0.0001,0.012180966014663378,32.096920013427734,0.07999999076128006,0.014761388,0.9776058793067932
103.12,254,3490,3770368,249.93138878526682,433,0.21223958333333334,2932,0.2,34.10247675577799,17.6777400970459,0.0001,0.01082846118758122,32.096920013427734,0.07999999076128006,0.015710406,0.9871671795845032
103.18,254,3490,3772416,250.15130841032027,434,0.2109375,2933,0.2,49.93320337931315,30.33847999572754,0.0001,0.013070334990819296,32.096920013427734,0.07999999076128006,0.015674243,0.9805883765220642
101.13,255,3490,3774464,244.07796832966855,435,0.240234375,2934,0.2,57.12081527709961,27.64905548095703,0.0001,0.016111065400764346,32.096920013427734,0.07999999076128006,0.018543314,0.9787156581878662
99.36,255,3490,3776512,238.85609355463723,436,0.1630859375,2935,0.2,64.98173141479492,35.530670166015625,0.0001,0.006751994602382183,32.096920013427734,0.07999999076128006,0.013126958,0.9794718623161316
100.06,256,3490,3778560,240.81024126546137,437,0.1689453125,2936,0.2,68.97933959960938,41.45827865600586,0.0001,0.012272175401449203,32.096920013427734,0.07999999076128006,0.0131119415,0.9761682748794556
96.77,256,3490,3780608,231.89769097265457,438,0.2936197916666667,2939,0.2,47.70909012688531,17.315427780151367,0.0001,0.009582839595774809,32.096920013427734,0.07999999076128006,0.029383406,0.97525954246521
94.18,257,3490,3782656,224.66626051232208,439,0.1943359375,2940,0.2,55.83655261993408,28.111358642578125,0.0001,0.0018998624291270971,32.096920013427734,0.07999999076128006,0.014257275,0.9771413803100586
93.87,258,3490,3784704,223.78299475470027,440,0.21484375,2941,0.2,38.86292190551758,15.954000473022461,0.0001,0.008870526961982251,32.096920013427734,0.07999999076128006,0.016595487,0.9860328435897827
92.98,258,3490,3786752,221.51559908975898,441,0.28125,2942,0.2,25.123303095499676,13.274788856506348,0.0001,0.019790665556987126,32.096920013427734,0.07999999076128006,0.024183547,0.988243818283081
91.96,259,3490,3788800,218.78442359057127,442,0.24739583333333334,2943,0.2,35.633731842041016,19.938926696777344,0.0001,0.02295912926395734,32.096920013427734,0.07999999076128006,0.02377288,0.9844917058944702
94.08,259,3490,3790848,224.50853901407902,443,0.18229166666666666,2944,0.2,95.3554916381836,36.087738037109375,0.0001,0.00626315859456857,32.096920013427734,0.07999999076128006,0.015040524,0.9558701515197754
94.88,260,3490,3792896,226.58347072565223,444,0.23307291666666666,2945,0.2,75.23140335083008,31.856517791748047,0.0001,0.008681217829386393,32.096920013427734,0.07999999076128006,0.017163092,0.9744570851325989
95.98,261,3490,3794944,229.29885210155732,445,0.15625,2946,0.2,49.811744689941406,20.99700927734375,0.0001,0.006743395701050758,32.096920013427734,0.07999999076128006,0.012927051,0.9781537652015686
97.01,261,3490,3796992,232.22073882210202,446,0.20703125,2947,0.2,35.46049976348877,18.04419708251953,0.0001,0.006991326808929443,32.096920013427734,0.07999999076128006,0.017746352,0.9872448444366455
99.12,262,3490,3799040,237.1416198452701,447,0.20078125,2948,0.2,78.042626953125,19.073257446289062,0.0001,0.01224335953593254,32.096920013427734,0.07999999076128006,0.01466607,0.9648244380950928
99.41,262,3490,3801088,237.1973233877273,448,0.1640625,2949,0.2,43.5012264251709,21.669513702392578,0.0001,0.007826099172234535,32.096920013427734,0.07999999076128006,0.0120887235,0.9828078150749207
100.81,263,3490,3803136,240.81879223225414,449,0.3059895833333333,2951,0.2,61.95600191752116,31.802703857421875,0.0001,0.012459745320181051,32.096920013427734,0.07999999076128006,0.031951174,0.9762104749679565
100.51,263,3490,3805184,239.63471129543896,450,0.181640625,2952,0.2,55.748534202575684,30.613643646240234,0.0001,0.00957826804369688,32.096920013427734,0.07999999076128006,0.014130153,0.9811081886291504
101.91,264,3491,3807232,243.3760541141823,451,0.228515625,2953,0.2,58.98459815979004,32.38555145263672,0.0001,0.011777821579016745,32.096920013427734,0.07999999076128006,0.02099461,0.9786497354507446
101.1,265,3491,3809280,241.27151836316403,452,0.2392578125,2954,0.2,49.7578821182251,26.443452835083008,0.0001,0.007883157930336893,32.096920013427734,0.07999999076128006,0.022246433,0.9825946092605591
101.34,265,3491,3811328,242.33861978887202,453,0.244140625,2955,0.2,38.12341626485189,18.384321212768555,0.0001,0.013820054708048701,32.096920013427734,0.07999999076128006,0.01836563,0.985237181186676
100.42,266,3491,3813376,240.214338796204,454,0.208984375,2956,0.2,48.359213511149086,23.113967895507812,0.0001,0.006395944394171238,32.096920013427734,0.07999999076128006,0.016474616,0.9838109612464905
100.63,266,3491,3815424,241.26398630425908,455,0.196875,2957,0.2,41.852299499511716,16.09465217590332,0.0001,-0.0005991551093757153,32.096920013427734,0.07999999076128006,0.014223312,0.9853218793869019
101.76,267,3491,3817472,244.52650697436653,456,0.26796875,2958,0.2,41.74149703979492,20.383169174194336,0.0001,0.015479144640266895,32.096920013427734,0.07999999076128006,0.020966131,0.982326090335846
102.77,268,3491,3819520,247.41180468471063,457,0.232421875,2959,0.2,40.383188247680664,19.380889892578125,0.0001,0.015918752178549767,32.096920013427734,0.07999999076128006,0.021761812,0.9866576194763184
103.25,268,3491,3821568,248.85179208766658,458,0.3684895833333333,2960,0.2,28.673479715983074,15.585025787353516,0.0001,0.03702698772152265,32.096920013427734,0.07999999076128006,0.04665333,0.9892793297767639
103.34,269,3491,3823616,249.13584046779147,459,0.22786458333333334,2961,0.2,37.94238408406576,21.631505966186523,0.0001,0.00906446110457182,32.096920013427734,0.07999999076128006,0.016567303,0.9832506775856018
102.02,269,3491,3825664,245.30116697903534,460,0.259765625,2962,0.2,28.57063102722168,13.842204093933105,0.0001,0.0041707803029567,32.096920013427734,0.07999999076128006,0.021814808,0.9899143576622009
100.84,270,3491,3827712,241.8046107125005,461,0.17447916666666666,2963,0.2,36.49677530924479,18.193756103515625,0.0001,0.00795298566420873,32.096920013427734,0.07999999076128006,0.0128092235,0.9880064725875854
100.32,270,3491,3829760,240.760346049024,462,0.22135416666666666,2964,0.2,46.99456914265951,23.23491859436035,0.0001,0.019804999387512606,32.096920013427734,0.07999999076128006,0.019167298,0.9821853041648865
99.03,271,3491,3831808,237.91785104157904,463,0.19140625,2965,0.2,33.58665402730306,18.144412994384766,0.0001,0.008681745423624912,32.096920013427734,0.07999999076128006,0.01555483,0.9897135496139526
98.49,272,3491,3833856,236.76756154581435,464,0.22395833333333334,2966,0.2,59.790078481038414,38.256568908691406,0.0001,-2.955241749684016e-05,32.096920013427734,0.07999999076128006,0.018286936,0.9678553938865662
98.74,272,3491,3835904,237.56168001897774,465,0.24348958333333334,2967,0.2,95.24169413248698,68.48487091064453,0.0001,0.00021713227033615112,32.096920013427734,0.07999999076128006,0.024835737,0.9675857424736023
98.52,273,3491,3837952,237.2609285778159,466,0.203125,2968,0.2,35.81918144226074,16.97007942199707,0.0001,0.009933151925603548,32.096920013427734,0.07999999076128006,0.015428689,0.9873663783073425
98.83,273,3492,3840000,238.1976546914642,467,0.23046875,2969,0.2,37.587890625,19.12713050842285,0.0001,0.015082718571648002,32.096920013427734,0.07999999076128006,0.016951796,0.9875694513320923
100.11,274,3491,3842048,241.74202440684266,468,0.21158854166666666,2970,0.2,40.08364677429199,20.794118881225586,0.0001,0.011029820113132397,32.096920013427734,0.07999999076128006,0.015521653,0.9839218854904175
100.03,275,3491,3844096,241.4512173984277,469,0.236328125,2971,0.2,33.58702564239502,17.753820419311523,0.0001,0.015636970521882176,32.096920013427734,0.07999999076128006,0.01842304,0.9881774187088013
101.65,275,3492,3846144,246.1236968799237,470,0.15494791666666666,2972,0.2,46.44895935058594,24.791522979736328,0.0001,0.0054586852590243025,32.096920013427734,0.07999999076128006,0.015201866,0.9833474159240723
101.53,276,3492,3848192,246.1922882724526,471,0.2877604166666667,2973,0.2,40.49392573038737,23.336820602416992,0.0001,0.010904069369037947,32.096920013427734,0.07999999076128006,0.03005145,0.9862010478973389
101.14,276,3492,3850240,244.13478391645273,472,0.24088541666666666,2974,0.2,88.53066126505534,48.2061653137207,0.0001,0.01786561869084835,32.096920013427734,0.07999999076128006,0.020397192,0.9705591797828674
100.12,277,3492,3852288,240.35061164315593,473,0.263671875,2975,0.2,57.211936950683594,28.909423828125,0.0001,0.0057912094052881,32.096920013427734,0.07999999076128006,0.022877945,0.98100346326828
100.61,277,3492,3854336,240.50004290904312,474,0.2001953125,2976,0.2,43.64817142486572,26.123414993286133,0.0001,0.012601889437064528,32.096920013427734,0.07999999076128006,0.014834195,0.9847001433372498
100.92,278,3492,3856384,240.3440732071851,475,0.1943359375,2977,0.2,60.66145992279053,28.63376235961914,0.0001,0.009367561666294932,32.096920013427734,0.07999999076128006,0.014076121,0.9759140610694885
100.15,279,3492,3858432,236.8763186316323,476,0.1875,2978,0.2,37.277212142944336,23.879121780395508,0.0001,0.010273654758930207,32.096920013427734,0.07999999076128006,0.013859359,0.9870972037315369
99.24,279,3492,3860480,234.05526041437398,477,0.21875,2979,0.2,36.6935920715332,19.895862579345703,0.0001,0.0010496933246031404,32.096920013427734,0.07999999076128006,0.018372994,0.9877898693084717
99.37,280,3492,3862528,234.6345237603606,478,0.23046875,2980,0.2,39.40606498718262,20.711210250854492,0.0001,0.012176459655165672,32.096920013427734,0.07999999076128006,0.016006079,0.9826020002365112
99.49,280,3492,3864576,235.09437373007975,479,0.3203125,2981,0.2,40.830206553141274,19.122669219970703,0.0001,0.013606225450833639,32.096920013427734,0.07999999076128006,0.034517933,0.9842906594276428
99.57,281,3492,3866624,235.97275395739015,480,0.3125,2982,0.2,31.184193929036457,12.911866188049316,0.0001,0.008115096017718315,32.096920013427734,0.07999999076128006,0.029777303,0.9872005581855774
100.43,282,3492,3868672,239.6712007268933,481,0.22526041666666666,2983,0.2,50.424095153808594,21.67445182800293,0.0001,0.01552954874932766,32.096920013427734,0.07999999076128006,0.021023309,0.9795061945915222
100.94,282,3492,3870720,241.6303433706238,482,0.16666666666666666,2984,0.2,29.411291758219402,17.494535446166992,0.0001,0.0023768115788698196,32.096920013427734,0.07999999076128006,0.013568077,0.9890190362930298
101.35,283,3492,3872768,243.15474383128006,483,0.2587890625,2985,0.2,33.0361328125,18.012187957763672,0.0001,0.001909518032334745,32.096920013427734,0.07999999076128006,0.021167737,0.9868749976158142
100.39,283,3492,3874816,241.98940934648542,484,0.19140625,2986,0.2,55.81752109527588,28.30632781982422,0.0001,0.001959550427272916,32.096920013427734,0.07999999076128006,0.014062522,0.980630099773407
99.21,284,3492,3876864,238.92941566960508,485,0.212890625,2987,0.2,126.6909777323405,95.35218811035156,0.0001,0.006951841991394758,32.096920013427734,0.07999999076128006,0.016902408,0.9618242979049683
97.96,285,3492,3878912,235.5610664421013,486,0.1884765625,2988,0.2,40.37203884124756,21.729129791259766,0.0001,0.011277437559328973,32.096920013427734,0.07999999076128006,0.017577164,0.9848500490188599
96.94,285,3492,3880960,233.23928619544174,487,0.21614583333333334,2989,0.2,44.91334788004557,25.78367042541504,0.0001,0.007846188576271137,32.096920013427734,0.07999999076128006,0.015875714,0.9828190207481384
97.41,286,3492,3883008,235.36864251670187,488,0.3190104166666667,2990,0.2,73.70160802205403,33.447845458984375,0.0001,0.011135277648766836,32.096920013427734,0.07999999076128006,0.029958298,0.9711487293243408
96.83,286,3492,3885056,233.9769209305002,489,0.21744791666666666,2991,0.2,41.1026865641276,21.021310806274414,0.0001,0.013029210890332857,32.096920013427734,0.07999999076128006,0.01782041,0.9836766123771667
98.6,287,3492,3887104,239.7053640884059,490,0.224609375,2992,0.2,91.75643539428711,60.50191116333008,0.0001,0.011074680252932012,32.096920013427734,0.07999999076128006,0.018912729,0.9746078848838806
99.49,287,3492,3889152,242.72511433400123,491,0.196875,2993,0.2,39.5791877746582,19.614532470703125,0.0001,0.015754743292927743,32.096920013427734,0.07999999076128006,0.015005852,0.9839009642601013
101.14,288,3492,3891200,248.0176640490414,492,0.20390625,2994,0.2,30.501441955566406,16.218416213989258,0.0001,0.010622561536729335,32.096920013427734,0.07999999076128006,0.018226802,0.9881371259689331
101.46,289,3492,3893248,249.3531607253728,493,0.19010416666666666,2995,0.2,40.40519332885742,18.79292869567871,0.0001,0.01319712974751989,32.096920013427734,0.07999999076128006,0.014846388,0.9872230291366577
102.87,289,3492,3895296,253.32802571177967,494,0.19921875,2996,0.2,46.163631439208984,20.702241897583008,0.0001,0.015204170253127813,32.096920013427734,0.07999999076128006,0.014951863,0.9821000695228577
102.25,290,3492,3897344,252.09604495490566,495,0.177734375,2997,0.2,32.15493679046631,16.66375732421875,0.0001,0.008074450306594372,32.096920013427734,0.07999999076128006,0.013227654,0.9882111549377441
100.64,290,3492,3899392,247.70901003597672,496,0.175,2998,0.2,32.403066635131836,15.939647674560547,0.0001,0.013047951646149159,32.096920013427734,0.07999999076128006,0.013814864,0.9876794815063477
99.4,291,3492,3901440,244.7490223544077,497,0.240625,2999,0.2,31.37723503112793,14.986093521118164,0.0001,0.011115606036037206,32.096920013427734,0.07999999076128006,0.019234875,0.9893973469734192
98.37,292,3492,3903488,241.5964728318217,498,0.2740885416666667,3000,0.2,51.54690170288086,21.15835952758789,0.0001,0.011334509123116732,32.096920013427734,0.07999999076128006,0.020929625,0.9814892411231995
97.33,292,3492,3905536,238.98667781652435,499,0.2747395833333333,3001,0.2,34.990796407063804,19.380279541015625,0.0001,0.021435428721209366,32.096920013427734,0.07999999076128006,0.024864102,0.9870743155479431
96.13,293,3492,3907584,236.04467591040364,500,0.23567708333333334,3002,0.2,33.96369616190592,14.623644828796387,0.0001,0.005552773363888264,32.096920013427734,0.07999999076128006,0.020587215,0.9890813827514648
99.12,293,3492,3909632,244.63908853521332,501,0.244140625,3003,0.2,55.851369857788086,15.147247314453125,0.0001,0.020930075086653233,32.096920013427734,0.07999999076128006,0.023702146,0.9720223546028137
98.57,294,3492,3911680,243.24117152789964,502,0.26339285714285715,3004,0.2,23.009131295340403,10.230277061462402,0.0001,0.009471990833325046,32.096920013427734,0.07999999076128006,0.022317067,0.9910754561424255
99.37,294,3492,3913728,245.70385509620777,503,0.22265625,3005,0.2,75.4728012084961,49.11181640625,0.0001,0.007476037368178368,32.096920013427734,0.07999999076128006,0.018764025,0.9763361811637878
98.4,295,3492,3915776,242.67401196962,504,0.21484375,3006,0.2,29.298431396484375,13.968541145324707,0.0001,0.009890083223581314,32.096920013427734,0.07999999076128006,0.019555893,0.9895605444908142
98.78,296,3493,3917824,242.36425813793397,505,0.2955729166666667,3007,0.2,43.055625915527344,17.239765167236328,0.0001,0.027512628274659317,32.096920013427734,0.07999999076128006,0.035897538,0.9828081130981445
96.88,296,3493,3919872,236.62533250012748,506,0.21614583333333334,3008,0.2,22.148773829142254,10.039011001586914,0.0001,0.012487627565860748,32.096920013427734,0.07999999076128006,0.017034795,0.9912780523300171
93.79,297,3493,3921920,227.3661337354086,507,0.1982421875,3009,0.2,23.887819290161133,11.611734390258789,0.0001,0.012066340073943138,32.096920013427734,0.07999999076128006,0.016044687,0.9891330599784851
92.29,297,3493,3923968,222.09199241532463,508,0.21484375,3010,0.2,53.70970439910889,28.061138153076172,0.0001,0.011475207284092903,32.096920013427734,0.07999999076128006,0.015885198,0.9761673808097839
90.67,298,3493,3926016,217.84732755991337,509,0.2862215909090909,3012,0.2,30.23084259033203,13.306252479553223,0.0001,0.005817104723643173,32.096920013427734,0.07999999076128006,0.0417525,0.9841662049293518
89.35,298,3493,3928064,214.23472580138568,510,0.3072916666666667,3013,0.2,26.083945592244465,13.027292251586914,0.0001,0.027829959678153198,32.096920013427734,0.07999999076128006,0.03827117,0.9866344928741455
88.46,299,3493,3930112,212.35559587586948,511,0.22135416666666666,3014,0.2,73.24111429850261,22.801591873168945,0.0001,0.013530003217359384,32.096920013427734,0.07999999076128006,0.017694207,0.979279637336731
88.87,300,3493,3932160,214.37296981727977,512,0.1943359375,3015,0.2,72.4348611831665,31.74345588684082,0.0001,0.004213474981952459,32.096920013427734,0.07999999076128006,0.013730808,0.9677332043647766
