time/time_elapsed,time/total_timesteps,rollout/ep_rew_mean,rollout/ep_len_mean,time/fps,time/iterations,train/policy_gradient_loss,train/approx_kl,train/clip_range,train/loss,train/n_updates,train/entropy_loss,train/value_loss,train/std,train/clip_fraction,train/learning_rate,train/explained_variance
0,1837056,129.70620893430757,48.75,3604,1,,,,,,,,,,,
1,1839104,132.46938183668738,49.74,3630,2,0.012617695331573486,0.013089153,0.2,26.326751708984375,1948,32.096920013427734,52.46125106811523,0.07999999076128006,0.178125,0.0001,0.9722040295600891
1,1841152,134.41285112919854,50.45,3653,3,0.0016089234501123427,0.033884548,0.2,9.571333885192871,1950,32.096920013427734,27.031241035461427,0.07999999076128006,0.21484375,0.0001,0.9726601839065552
2,1843200,134.40284825686157,50.38,3663,4,0.013946786057204008,0.020407377,0.2,9.81757640838623,1951,32.096920013427734,25.91223955154419,0.07999999076128006,0.21875,0.0001,0.9688780903816223
2,1845248,134.40890154690658,50.34,3681,5,0.009606943931430578,0.016226504,0.2,10.132701873779297,1952,32.096920013427734,25.569118118286134,0.07999999076128006,0.20625,0.0001,0.9788726568222046
3,1847296,135.15096653695178,50.56,3693,6,0.004255335032939911,0.016990338,0.2,11.895362854003906,1953,32.096920013427734,24.83745574951172,0.07999999076128006,0.20234375,0.0001,0.9744235873222351
3,1849344,135.81652159180888,50.75,3697,7,0.01014167753358682,0.015050107,0.2,10.765717506408691,1954,32.096920013427734,23.008673985799152,0.07999999076128006,0.17317708333333334,0.0001,0.9720908999443054
4,1851392,137.93119162587277,51.38,3693,8,0.016076483763754368,0.026034363,0.2,10.321192741394043,1955,32.096920013427734,23.021846771240234,0.07999999076128006,0.2760416666666667,0.0001,0.9756100177764893
4,1853440,139.28782039025816,51.79,3697,9,0.011571116745471954,0.021710323,0.2,14.336043357849121,1956,32.096920013427734,26.39434814453125,0.07999999076128006,0.2669270833333333,0.0001,0.9767851233482361
5,1855488,139.35484686457573,51.77,3702,10,0.012357635733981928,0.019178791,0.2,15.503511428833008,1957,32.096920013427734,33.01369094848633,0.07999999076128006,0.25390625,0.0001,0.9714400768280029
6,1857536,140.84793168247708,52.29,3704,11,0.015059694647789001,0.02208601,0.2,26.55396842956543,1958,32.096920013427734,46.36802673339844,0.07999999076128006,0.24088541666666666,0.0001,0.941126823425293
6,1859584,141.20239859354555,52.41,3701,12,0.01198930541674296,0.033687502,0.2,14.763028144836426,1959,32.096920013427734,28.646973927815754,0.07999999076128006,0.32421875,0.0001,0.9719899892807007
7,1861632,144.01515352465077,53.38,3685,13,0.00945509597659111,0.02161686,0.2,13.028291702270508,1960,32.096920013427734,27.499497095743816,0.07999999076128006,0.24479166666666666,0.0001,0.9770198464393616
7,1863680,143.79587398412826,53.3,3687,14,0.017307970051964123,0.018847205,0.2,18.63709259033203,1961,32.096920013427734,34.72381718953451,0.07999999076128006,0.22786458333333334,0.0001,0.9723429679870605
8,1865728,142.8070510782749,52.94,3690,15,0.0033411229960620403,0.021434758,0.2,26.770349502563477,1962,32.096920013427734,63.82599353790283,0.07999999076128006,0.2548828125,0.0001,0.9458242654800415
8,1867776,145.1464017808116,53.75,3694,16,0.010172690264880657,0.016999267,0.2,23.21842384338379,1963,32.096920013427734,99.281174659729,0.07999999076128006,0.2236328125,0.0001,0.9152694940567017
9,1869824,147.32721487157838,54.54,3695,17,0.0011154816796382268,0.017436331,0.2,34.5775260925293,1964,32.096920013427734,63.670335133870445,0.07999999076128006,0.20052083333333334,0.0001,0.9456462264060974
9,1871872,150.77749197815334,55.83,3696,18,0.016812673769891262,0.019599363,0.2,16.130704879760742,1965,32.096920013427734,48.683083057403564,0.07999999076128006,0.2060546875,0.0001,0.9480520486831665
10,1873920,149.5482547527556,55.39,3665,19,0.014854634180665016,0.02297163,0.2,25.177122116088867,1966,32.096920013427734,57.987083435058594,0.07999999076128006,0.2509765625,0.0001,0.9483784437179565
11,1875968,152.93536736068148,56.62,3664,20,0.008044116664677858,0.02122147,0.2,12.591897010803223,1967,32.096920013427734,29.77827215194702,0.07999999076128006,0.2333984375,0.0001,0.9762812852859497
11,1878016,155.82844132028183,57.65,3666,21,0.012301796736816565,0.018000118,0.2,15.387605667114258,1968,32.096920013427734,31.58950678507487,0.07999999076128006,0.24674479166666666,0.0001,0.974816620349884
12,1880064,157.98972933350183,58.4,3668,22,0.011569615826010704,0.016800916,0.2,14.871390342712402,1969,32.096920013427734,29.53216667175293,0.07999999076128006,0.2328125,0.0001,0.9761759042739868
12,1882112,158.6742848173419,58.59,3671,23,0.01423709529141585,0.020928577,0.2,17.47308349609375,1970,32.096920013427734,32.56088129679362,0.07999999076128006,0.24869791666666666,0.0001,0.9743813872337341
13,1884160,160.3814745812597,59.09,3672,24,0.019729092717170715,0.01978938,0.2,14.064316749572754,1971,32.096920013427734,31.073486328125,0.07999999076128006,0.2275390625,0.0001,0.9738067388534546
13,1886208,162.07889421034716,59.6,3673,25,0.00955082243308425,0.015092208,0.2,14.54427719116211,1972,32.096920013427734,30.801732540130615,0.07999999076128006,0.1845703125,0.0001,0.9735444784164429
14,1888256,164.91180025337258,60.61,3674,26,0.009996073941389719,0.015554254,0.2,17.232135772705078,1973,32.096920013427734,31.338807423909504,0.07999999076128006,0.171875,0.0001,0.9737905263900757
15,1890304,167.3380660909742,61.52,3677,27,-0.0046755485236644745,0.016160978,0.2,16.84821319580078,1974,32.096920013427734,37.575679779052734,0.07999999076128006,0.171875,0.0001,0.973462700843811
15,1892352,168.78552628833756,62.18,3677,28,0.01785464957356453,0.02079064,0.2,20.116764068603516,1975,32.096920013427734,38.619178771972656,0.07999999076128006,0.220703125,0.0001,0.9718636870384216
16,1894400,170.01809806266155,62.76,3679,29,0.025776355527341366,0.023925096,0.2,31.57264518737793,1976,32.096920013427734,72.22411346435547,0.07999999076128006,0.236328125,0.0001,0.954571545124054
16,1896448,173.41643826386814,64.27,3682,30,0.022558549186214805,0.022987489,0.2,18.727642059326172,1977,32.096920013427734,35.0764045715332,0.07999999076128006,0.244140625,0.0001,0.973629355430603
17,1898496,174.29608696199287,64.85,3685,31,0.005867219064384699,0.017629951,0.2,21.39257049560547,1978,32.096920013427734,44.99473762512207,0.07999999076128006,0.22265625,0.0001,0.9722074270248413
17,1900544,174.95964880586402,65.57,3687,32,0.015605786815285683,0.021681149,0.2,52.84622573852539,1979,32.096920013427734,80.95305252075195,0.07999999076128006,0.2265625,0.0001,0.934050440788269
18,1902592,173.24029683710285,65.54,3689,33,0.009071095613762736,0.020693097,0.2,24.195880889892578,1980,32.096920013427734,103.3863639831543,0.07999999076128006,0.234375,0.0001,0.947433590888977
18,1904640,164.72412196548368,63.02,3693,34,0.0028948234394192696,0.01626714,0.2,63.67601013183594,1981,32.096920013427734,135.67771911621094,0.07999999076128006,0.20703125,0.0001,0.9209553599357605
19,1906688,147.68265328271636,57.25,3695,35,0.010468500666320324,0.015949873,0.2,162.36253356933594,1982,32.096920013427734,344.2183837890625,0.07999999076128006,0.19140625,0.0001,0.7490137815475464
19,1908736,135.17459963259356,53.36,3697,36,0.049791364620129265,0.044908404,0.2,154.96273803710938,1983,32.096920013427734,489.15041097005206,0.07999999076128006,0.3138020833333333,0.0001,0.6824734210968018
20,1910784,119.54408200683929,47.94,3699,37,0.013008512866993746,0.023521475,0.2,336.5789489746094,1984,32.096920013427734,675.3748982747396,0.07999999076128006,0.25390625,0.0001,0.6892197132110596
21,1912832,98.40999752562615,39.95,3700,38,0.024430297936002415,0.016015742,0.2,693.7417602539062,1985,32.096920013427734,1291.2244466145833,0.07999999076128006,0.21484375,0.0001,0.4480860233306885
21,1914880,90.73143424841022,37.08,3700,39,0.01718912646174431,0.018840926,0.2,747.9986572265625,1986,32.096920013427734,1327.058837890625,0.07999999076128006,0.2177734375,0.0001,0.4002860188484192
22,1916928,78.04536533391516,32.18,3700,40,0.00675949864089489,0.014323113,0.2,761.1400146484375,1987,32.096920013427734,1552.532958984375,0.07999999076128006,0.1859375,0.0001,0.2686271667480469
22,1918976,73.1220357683649,30.13,3697,41,0.009376853958449581,0.029313495,0.2,726.9072875976562,1989,32.096920013427734,1734.569180575284,0.07999999076128006,0.21555397727272727,0.0001,0.15434443950653076
23,1921024,64.12147067464343,26.64,3689,42,-0.011877362406812609,0.015618969,0.2,485.3997497558594,1994,32.096920013427734,1252.28240814209,0.07999999076128006,0.1333984375,0.0001,0.14587527513504028
23,1923072,72.60347853015003,30.17,3685,43,-0.005651355324382031,0.030625308,0.2,298.0307312011719,1998,32.096920013427734,733.8196772822628,0.07999999076128006,0.2877604166666667,0.0001,0.2762303948402405
24,1925120,94.11440622046518,39.37,3687,44,0.004457370610907674,0.014879598,0.2,215.31097412109375,1999,32.096920013427734,446.8992233276367,0.07999999076128006,0.185546875,0.0001,0.5451061725616455
24,1927168,116.87857223081471,49.15,3689,45,-0.008852708898484708,0.0145286145,0.2,200.53065490722656,2000,32.096920013427734,408.6205200195312,0.07999999076128006,0.175,0.0001,0.6162674427032471
25,1929216,136.70599054647855,57.33,3691,46,0.008106384027217115,0.01669057,0.2,147.9013671875,2001,32.096920013427734,303.6275394984654,0.07999999076128006,0.22600446428571427,0.0001,0.7800978422164917
26,1931264,155.7288294736885,65.05,3689,47,-0.009507954693757571,0.03637731,0.2,89.66973876953125,2005,32.096920013427734,212.78082275390625,0.07999999076128006,0.2149939903846154,0.0001,0.7986705303192139
26,1933312,163.19536517556188,68.02,3692,48,0.0011291149538010358,0.014216143,0.2,93.83160400390625,2006,32.096920013427734,212.07242431640626,0.07999999076128006,0.1953125,0.0001,0.8442789316177368
27,1935360,170.87274175521222,70.73,3693,49,0.008448935142951086,0.015893541,0.2,95.12767791748047,2007,32.096920013427734,218.75463485717773,0.07999999076128006,0.22998046875,0.0001,0.8535652160644531
27,1937408,174.5594239970465,72.48,3694,50,0.0026620911085046828,0.0234581,0.2,48.58238983154297,2009,32.096920013427734,149.03687572479248,0.07999999076128006,0.229248046875,0.0001,0.8954366445541382
28,1939456,178.77958203300344,74.4,3696,51,0.017084813863039016,0.015355697,0.2,70.91020202636719,2010,32.096920013427734,195.20787048339844,0.07999999076128006,0.209375,0.0001,0.8741843700408936
28,1941504,181.07544974913498,75.73,3698,52,0.01202730811201036,0.020536147,0.2,90.30036926269531,2011,32.096920013427734,156.02418327331543,0.07999999076128006,0.2451171875,0.0001,0.9042338728904724
29,1943552,179.72724305046316,75.75,3700,53,0.01115934904664755,0.017223654,0.2,65.21798706054688,2012,32.096920013427734,132.46593017578124,0.07999999076128006,0.20859375,0.0001,0.9251842498779297
29,1945600,184.3857710067654,77.94,3701,54,0.003530810544775291,0.028472403,0.2,51.58260726928711,2014,32.096920013427734,132.60839705033735,0.07999999076128006,0.2624289772727273,0.0001,0.9237291812896729
30,1947648,186.7967416922437,78.94,3701,55,0.016836156108183786,0.01564358,0.2,52.00341033935547,2015,32.096920013427734,126.0272741317749,0.07999999076128006,0.22802734375,0.0001,0.9338675737380981
30,1949696,188.98841748871146,79.73,3702,56,0.01610580161213875,0.016320057,0.2,57.90083312988281,2016,32.096920013427734,133.31183929443358,0.07999999076128006,0.20703125,0.0001,0.9332693219184875
31,1951744,189.87421195674054,80.22,3701,57,0.01158058037981391,0.015040767,0.2,45.97665023803711,2017,32.096920013427734,114.69831212361653,0.07999999076128006,0.20768229166666666,0.0001,0.9413171410560608
32,1953792,188.02309483454576,79.64,3694,58,0.01893336825411428,0.02827693,0.2,34.15296936035156,2019,32.096920013427734,95.7184892134233,0.07999999076128006,0.29048295454545453,0.0001,0.944206714630127
32,1955840,186.06623308944813,79.1,3694,59,0.00258920737542212,0.017720029,0.2,76.74227142333984,2020,32.096920013427734,144.1797752380371,0.07999999076128006,0.2197265625,0.0001,0.9397056698799133
33,1957888,183.72061167668818,78.11,3695,60,0.008951672818511724,0.012141831,0.2,39.13721466064453,2021,32.096920013427734,83.48498153686523,0.07999999076128006,0.15625,0.0001,0.9636968970298767
33,1959936,182.63627396047698,77.94,3696,61,0.009308984813590845,0.0152461035,0.2,31.895774841308594,2022,32.096920013427734,72.16575622558594,0.07999999076128006,0.20442708333333334,0.0001,0.9644500017166138
34,1961984,183.04007947357331,78.25,3697,62,0.016654006903991103,0.016338803,0.2,27.211685180664062,2023,32.096920013427734,65.67627716064453,0.07999999076128006,0.208984375,0.0001,0.9677906632423401
34,1964032,180.1606878784536,77.5,3698,63,0.009417070741099971,0.016359799,0.2,25.960948944091797,2024,32.096920013427734,59.21873474121094,0.07999999076128006,0.21540178571428573,0.0001,0.969675600528717
35,1966080,177.68423253074852,77.14,3699,64,0.012448574416339397,0.012363988,0.2,51.970035552978516,2025,32.096920013427734,94.48917388916016,0.07999999076128006,0.15625,0.0001,0.9493245482444763
35,1968128,173.63488422526135,76.2,3700,65,0.006712921895086765,0.01719025,0.2,21.841373443603516,2026,32.096920013427734,50.05717182159424,0.07999999076128006,0.2236328125,0.0001,0.9756344556808472
36,1970176,169.47038940222114,74.66,3701,66,0.013848913460969925,0.019631442,0.2,58.563514709472656,2027,32.096920013427734,70.78832092285157,0.07999999076128006,0.24453125,0.0001,0.9533445835113525
37,1972224,167.594805473901,73.98,3703,67,0.00917880330234766,0.024703821,0.2,79.43968963623047,2028,32.096920013427734,153.56231689453125,0.07999999076128006,0.220703125,0.0001,0.932445764541626
37,1974272,164.254514827898,72.76,3703,68,0.016935585997998714,0.01608359,0.2,22.84469985961914,2029,32.096920013427734,62.95477294921875,0.07999999076128006,0.197265625,0.0001,0.958444356918335
38,1976320,164.41216065552845,73.22,3704,69,0.017460239430268604,0.024960356,0.2,26.307334899902344,2030,32.096920013427734,77.30300903320312,0.07999999076128006,0.26171875,0.0001,0.9560531377792358
38,1978368,165.31055844580862,73.85,3705,70,0.022818563506007195,0.02098185,0.2,15.769255638122559,2031,32.096920013427734,30.048694610595703,0.07999999076128006,0.2822265625,0.0001,0.981497585773468
39,1980416,166.25062892956768,74.21,3705,71,0.018765129847452044,0.022010176,0.2,15.250027656555176,2032,32.096920013427734,33.450191020965576,0.07999999076128006,0.2646484375,0.0001,0.9803430438041687
39,1982464,166.82091377221036,74.22,3706,72,0.015498780955870947,0.026284127,0.2,13.860052108764648,2033,32.096920013427734,29.781317392985027,0.07999999076128006,0.3125,0.0001,0.9815836548805237
40,1984512,165.21940317678974,73.48,3706,73,0.01281405333429575,0.028811315,0.2,26.50562286376953,2034,32.096920013427734,68.93269220987956,0.07999999076128006,0.2942708333333333,0.0001,0.9619892835617065
40,1986560,165.1326953518462,73.53,3707,74,0.0007395818829536438,0.015059164,0.2,18.633981704711914,2035,32.096920013427734,63.25069999694824,0.07999999076128006,0.19921875,0.0001,0.9668246507644653
41,1988608,167.1293913076978,74.3,3708,75,0.016717559657990932,0.038974714,0.2,21.220199584960938,2036,32.096920013427734,55.364349365234375,0.07999999076128006,0.3359375,0.0001,0.9663803577423096
41,1990656,169.59153568437242,75.15,3708,76,0.02252349133292834,0.026121855,0.2,12.394659042358398,2037,32.096920013427734,26.468994140625,0.07999999076128006,0.26953125,0.0001,0.9879483580589294
42,1992704,174.96303518723576,77.22,3709,77,0.013022995553910732,0.01612171,0.2,14.555091857910156,2038,32.096920013427734,30.361485799153645,0.07999999076128006,0.20572916666666666,0.0001,0.9870025515556335
43,1994752,181.14661631121828,79.14,3709,78,0.01360819349065423,0.016563596,0.2,17.71196746826172,2039,32.096920013427734,38.616883277893066,0.07999999076128006,0.2294921875,0.0001,0.9820579886436462
43,1996800,184.60665992875445,80.09,3709,79,0.016190833353903145,0.021435555,0.2,13.650707244873047,2040,32.096920013427734,28.674407243728638,0.07999999076128006,0.28125,0.0001,0.9845690131187439
44,1998848,187.93941733167466,80.83,3709,80,0.026270119473338127,0.029696135,0.2,17.68377685546875,2041,32.096920013427734,35.547128677368164,0.07999999076128006,0.263671875,0.0001,0.9817337393760681
44,2000896,189.01186777532214,80.96,3710,81,0.0023931963369250298,0.025174968,0.2,20.860185623168945,2042,32.096920013427734,42.2886905670166,0.07999999076128006,0.2578125,0.0001,0.9747247695922852
45,2002944,188.7152124603855,80.89,3710,82,0.032398695747057595,0.038735583,0.2,21.040821075439453,2043,32.096920013427734,42.675437927246094,0.07999999076128006,0.35546875,0.0001,0.9773215055465698
45,2004992,188.09164474274033,80.56,3711,83,0.02029641717672348,0.023409374,0.2,11.118377685546875,2044,32.096920013427734,28.559254328409832,0.07999999076128006,0.2669270833333333,0.0001,0.9848681092262268
46,2007040,185.9546312968936,79.72,3710,84,0.009905479848384857,0.021584589,0.2,15.906147003173828,2045,32.096920013427734,31.529572010040283,0.07999999076128006,0.2509765625,0.0001,0.9815846681594849
46,2009088,184.768569806569,79.14,3711,85,0.015332087874412537,0.017182993,0.2,16.784671783447266,2046,32.096920013427734,34.55705897013346,0.07999999076128006,0.24088541666666666,0.0001,0.9811554551124573
47,2011136,182.36025590279613,78.19,3711,86,0.018740163495143253,0.02204186,0.2,16.753507614135742,2047,32.096920013427734,31.036509195963543,0.07999999076128006,0.2669270833333333,0.0001,0.9829637408256531
48,2013184,182.25252932223668,77.64,3711,87,-0.0025174456338087716,0.01493455,0.2,28.250883102416992,2048,32.096920013427734,97.90529251098633,0.07999999076128006,0.203125,0.0001,0.961216390132904
48,2015232,183.7719808648343,77.59,3711,88,0.020200132858008146,0.021817002,0.2,17.50372314453125,2049,32.096920013427734,35.698692321777344,0.07999999076128006,0.263671875,0.0001,0.9810472726821899
49,2017280,188.8068229689655,79.24,3710,89,0.025497807189822197,0.020452388,0.2,43.293601989746094,2050,32.096920013427734,88.89587020874023,0.07999999076128006,0.220703125,0.0001,0.9558064937591553
49,2019328,193.7056171180847,80.94,3710,90,0.01295052282512188,0.021517187,0.2,25.377548217773438,2051,32.096920013427734,49.95486068725586,0.07999999076128006,0.24348958333333334,0.0001,0.9734152555465698
50,2021376,195.81219995288095,81.9,3710,91,0.0012438731888930004,0.015934886,0.2,22.15180778503418,2052,32.096920013427734,49.96655782063802,0.07999999076128006,0.20963541666666666,0.0001,0.9760962724685669
50,2023424,197.8911878458267,83.16,3709,92,0.016807029023766518,0.01522933,0.2,31.614234924316406,2053,32.096920013427734,74.6214205423991,0.07999999076128006,0.20703125,0.0001,0.9506096243858337
51,2025472,194.47217776283452,82.15,3709,93,0.014818735828157514,0.02122638,0.2,33.346920013427734,2054,32.096920013427734,133.4631633758545,0.07999999076128006,0.220703125,0.0001,0.9441014528274536
51,2027520,192.0047706724783,81.25,3709,94,0.015411233063787222,0.015187361,0.2,98.7059097290039,2055,32.096920013427734,157.48788452148438,0.07999999076128006,0.19661458333333334,0.0001,0.9181030988693237
52,2029568,188.31200635384218,79.85,3708,95,0.01304159825667739,0.018706672,0.2,120.67192077636719,2056,32.096920013427734,272.0751037597656,0.07999999076128006,0.2216796875,0.0001,0.881646990776062
53,2031616,191.4840207430272,81.25,3708,96,0.008797813672572374,0.017401721,0.2,100.76438903808594,2057,32.096920013427734,276.17769622802734,0.07999999076128006,0.2021484375,0.0001,0.88011634349823
53,2033664,196.9981092352984,83.38,3707,97,0.005077459383755922,0.015273344,0.2,41.949668884277344,2058,32.096920013427734,82.22048950195312,0.07999999076128006,0.2080078125,0.0001,0.964765191078186
54,2035712,206.45375096628595,87.03,3706,98,0.009398038871586323,0.014447158,0.2,66.6810073852539,2059,32.096920013427734,130.3887680053711,0.07999999076128006,0.19296875,0.0001,0.9398211240768433
54,2037760,214.2982783293016,89.96,3705,99,0.003942076489329338,0.016193721,0.2,76.81993865966797,2060,32.096920013427734,147.43494262695313,0.07999999076128006,0.20625,0.0001,0.9198011159896851
55,2039808,212.6541959843497,88.86,3704,100,0.015933933202177286,0.013181543,0.2,47.89260482788086,2061,32.096920013427734,90.26558876037598,0.07999999076128006,0.1787109375,0.0001,0.9579872488975525
55,2041856,210.33910082108278,87.31,3704,101,0.013311007618904113,0.018787378,0.2,67.50077819824219,2062,32.096920013427734,197.9922332763672,0.07999999076128006,0.23359375,0.0001,0.9121804237365723
56,2043904,208.43135303534166,86.39,3703,102,0.00805792547762394,0.017038118,0.2,82.46269989013672,2063,32.096920013427734,188.4060485839844,0.07999999076128006,0.234375,0.0001,0.9240595102310181
56,2045952,204.64690530006877,84.82,3702,103,0.012401223182678223,0.019361883,0.2,43.90957260131836,2064,32.096920013427734,92.95824432373047,0.07999999076128006,0.23177083333333334,0.0001,0.9611382484436035
57,2048000,205.57960881403662,85.49,3702,104,0.01589075569063425,0.019903198,0.2,44.44485092163086,2065,32.096920013427734,85.99625778198242,0.07999999076128006,0.251953125,0.0001,0.9586987495422363
58,2050048,205.32586699927649,85.58,3701,105,0.004106352292001248,0.015659269,0.2,87.67847442626953,2066,32.096920013427734,145.23739776611328,0.07999999076128006,0.2078125,0.0001,0.9436472654342651
58,2052096,201.20424065933864,84.04,3700,106,0.012113616003521852,0.015556672,0.2,36.059791564941406,2067,32.096920013427734,73.97490692138672,0.07999999076128006,0.23158482142857142,0.0001,0.9688597321510315
59,2054144,200.59835199681766,83.92,3699,107,0.008352936711162329,0.017485663,0.2,28.587745666503906,2068,32.096920013427734,126.83273124694824,0.07999999076128006,0.20703125,0.0001,0.9495236873626709
59,2056192,201.1088795051493,84.1,3695,108,0.001169024733826518,0.019091912,0.2,64.75092315673828,2069,32.096920013427734,121.70764350891113,0.07999999076128006,0.2265625,0.0001,0.9577640295028687
60,2058240,201.73900010740104,84.39,3693,109,0.0021347547881305218,0.020743974,0.2,32.0381965637207,2070,32.096920013427734,60.44330883026123,0.07999999076128006,0.232421875,0.0001,0.9706284999847412
61,2060288,204.819801301193,85.53,3692,110,0.02083855587989092,0.021207534,0.2,34.84520721435547,2071,32.096920013427734,72.88308143615723,0.07999999076128006,0.2568359375,0.0001,0.9690003395080566
61,2062336,203.39878474400547,84.92,3691,111,0.021319454535841942,0.019467032,0.2,23.790597915649414,2072,32.096920013427734,48.721720377604164,0.07999999076128006,0.23828125,0.0001,0.9768754839897156
62,2064384,206.22064860478505,86.2,3691,112,0.012582173260549704,0.027565151,0.2,33.50358200073242,2073,32.096920013427734,65.1336898803711,0.07999999076128006,0.2838541666666667,0.0001,0.9717626571655273
62,2066432,202.4135401699658,84.66,3691,113,0.01983823316792647,0.027257508,0.2,31.787981033325195,2074,32.096920013427734,63.15657170613607,0.07999999076128006,0.30078125,0.0001,0.9729198217391968
63,2068480,199.66671291436845,83.54,3690,114,0.011288835667073727,0.024851551,0.2,20.27690887451172,2075,32.096920013427734,49.84701919555664,0.07999999076128006,0.2877604166666667,0.0001,0.9798497557640076
63,2070528,198.86494935284568,83.39,3690,115,0.0026071838413675628,0.013152364,0.2,23.836063385009766,2076,32.096920013427734,49.444010416666664,0.07999999076128006,0.17317708333333334,0.0001,0.9783920645713806
64,2072576,196.9397717834688,82.41,3689,116,0.0123717508589228,0.016107775,0.2,24.70037841796875,2077,32.096920013427734,51.1561164855957,0.07999999076128006,0.19661458333333334,0.0001,0.9765791893005371
64,2074624,196.16234998251406,82.32,3688,117,0.0040355393042167025,0.014617301,0.2,20.19769859313965,2078,32.096920013427734,45.465755462646484,0.07999999076128006,0.20833333333333334,0.0001,0.9784915447235107
65,2076672,194.77574829897213,81.76,3688,118,0.01622060500085354,0.019977136,0.2,17.290616989135742,2079,32.096920013427734,35.776039123535156,0.07999999076128006,0.248046875,0.0001,0.985967218875885
66,2078720,197.058910504174,82.67,3687,119,0.01416676607914269,0.023341263,0.2,20.431581497192383,2080,32.096920013427734,41.9728946685791,0.07999999076128006,0.271484375,0.0001,0.9642871022224426
66,2080768,195.34967886573048,82.05,3687,120,0.005355840548872948,0.017073618,0.2,16.697336196899414,2081,32.096920013427734,33.92733383178711,0.07999999076128006,0.197265625,0.0001,0.9853870272636414
67,2082816,196.43334811245285,82.33,3687,121,0.019588318886235356,0.02548661,0.2,18.027238845825195,2082,32.096920013427734,82.1716480255127,0.07999999076128006,0.267578125,0.0001,0.9514889717102051
67,2084864,198.2852583433071,83.29,3687,122,0.011784701840952039,0.02010436,0.2,19.471426010131836,2083,32.096920013427734,42.52186584472656,0.07999999076128006,0.21875,0.0001,0.9808603525161743
68,2086912,198.27894560622454,83.36,3686,123,0.006247559562325478,0.017411862,0.2,41.28392028808594,2084,32.096920013427734,109.9729232788086,0.07999999076128006,0.22265625,0.0001,0.9568735957145691
68,2088960,197.46755636767767,83.22,3686,124,0.024720524127284687,0.040138807,0.2,25.2745418548584,2085,32.096920013427734,142.17144393920898,0.07999999076128006,0.3411458333333333,0.0001,0.9344401955604553
69,2091008,195.46278109766578,82.77,3686,125,0.02040735601137082,0.024020359,0.2,50.089290618896484,2086,32.096920013427734,192.77934773763022,0.07999999076128006,0.265625,0.0001,0.9291395545005798
70,2093056,187.20806433768863,79.32,3686,126,0.014960565293828646,0.018957024,0.2,30.896739959716797,2087,32.096920013427734,188.663698832194,0.07999999076128006,0.22395833333333334,0.0001,0.9279029369354248
70,2095104,187.70638698086125,79.73,3686,127,0.007093005580827594,0.018854856,0.2,107.45465850830078,2088,32.096920013427734,316.7230758666992,0.07999999076128006,0.23828125,0.0001,0.8576542735099792
71,2097152,190.47528434004025,80.94,3684,128,0.006440286990255117,0.01629078,0.2,26.45318603515625,2089,32.096920013427734,89.82948398590088,0.07999999076128006,0.21484375,0.0001,0.9593322277069092
71,2099200,189.48128645773804,80.45,3683,129,0.009532934240996837,0.017681153,0.2,25.49637794494629,2090,32.096920013427734,49.94698715209961,0.07999999076128006,0.215625,0.0001,0.9775084257125854
72,2101248,196.10619150761303,83.6,3682,130,0.005491585237905383,0.021423273,0.2,103.63418579101562,2091,32.096920013427734,176.3717918395996,0.07999999076128006,0.24609375,0.0001,0.9319660663604736
72,2103296,193.51485493673263,82.63,3682,131,0.016134065110236406,0.018989293,0.2,20.07965087890625,2092,32.096920013427734,63.687844594319664,0.07999999076128006,0.2747395833333333,0.0001,0.9631543159484863
73,2105344,194.51161951649794,83.15,3682,132,0.004317173423866431,0.016677916,0.2,113.58133697509766,2093,32.096920013427734,211.06566874186197,0.07999999076128006,0.21744791666666666,0.0001,0.9127649664878845
73,2107392,196.262714250766,83.93,3681,133,0.013979722124834856,0.013720498,0.2,19.474538803100586,2094,32.096920013427734,38.07111104329427,0.07999999076128006,0.19140625,0.0001,0.981628954410553
74,2109440,194.00783357868104,82.55,3681,134,0.005438041873276234,0.0132017685,0.2,18.299108505249023,2095,32.096920013427734,32.70084889729818,0.07999999076128006,0.18489583333333334,0.0001,0.9861590266227722
75,2111488,196.5358615628134,83.48,3681,135,0.016664553433656693,0.020801466,0.2,35.07786178588867,2096,32.096920013427734,55.40842342376709,0.07999999076128006,0.2646484375,0.0001,0.9744536280632019
75,2113536,195.97427083974608,83.03,3680,136,0.011699071930100521,0.016813667,0.2,14.865887641906738,2097,32.096920013427734,40.318735122680664,0.07999999076128006,0.22395833333333334,0.0001,0.9788892269134521
76,2115584,192.76062451203234,81.34,3680,137,0.02231186379988988,0.026455725,0.2,17.541763305664062,2098,32.096920013427734,37.00832875569662,0.07999999076128006,0.2721354166666667,0.0001,0.9825993180274963
76,2117632,193.4031196353277,81.79,3680,138,0.0066878584523995714,0.017260352,0.2,120.14132690429688,2099,32.096920013427734,166.8694101969401,0.07999999076128006,0.22005208333333334,0.0001,0.9241207242012024
77,2119680,192.58459743571967,81.65,3680,139,0.005279648428161939,0.019996298,0.2,68.72254180908203,2100,32.096920013427734,81.12135696411133,0.07999999076128006,0.24088541666666666,0.0001,0.9614506363868713
77,2121728,193.81884526650262,82.39,3679,140,-0.0009901424249013264,0.015316813,0.2,47.7678337097168,2101,32.096920013427734,77.35635630289714,0.07999999076128006,0.19270833333333334,0.0001,0.9576787948608398
78,2123776,193.5724549246978,82.56,3679,141,0.011998400713006655,0.018286081,0.2,17.537059783935547,2102,32.096920013427734,37.050184885660805,0.07999999076128006,0.23697916666666666,0.0001,0.9842665195465088
79,2125824,192.3561594733391,82.08,3679,142,-0.0006306686749060949,0.015390064,0.2,78.25425720214844,2103,32.096920013427734,143.0255889892578,0.07999999076128006,0.1953125,0.0001,0.9215919971466064
79,2127872,196.85127478628084,84.01,3678,143,0.017067527398467064,0.029553128,0.2,29.895322799682617,2104,32.096920013427734,81.18788019816081,0.07999999076128006,0.2903645833333333,0.0001,0.9615410566329956
80,2129920,196.73460653308092,83.73,3678,144,0.02056981964657704,0.0332437,0.2,15.47817611694336,2105,32.096920013427734,30.491443634033203,0.07999999076128006,0.3268229166666667,0.0001,0.9857772588729858
80,2131968,201.36948995698162,85.88,3678,145,0.013128586113452911,0.015501896,0.2,15.377774238586426,2106,32.096920013427734,32.33728218078613,0.07999999076128006,0.228515625,0.0001,0.9853802919387817
81,2134016,203.10214824619408,86.7,3678,146,0.014377042340735594,0.027310625,0.2,22.8835506439209,2107,32.096920013427734,52.11919275919596,0.07999999076128006,0.30078125,0.0001,0.9802605509757996
81,2136064,206.2575626635014,88.11,3678,147,0.023743343073874712,0.04218621,0.2,14.226020812988281,2108,32.096920013427734,31.24092674255371,0.07999999076128006,0.3424479166666667,0.0001,0.986243724822998
82,2138112,206.99638311633367,88.67,3677,148,0.026033416390419006,0.0155414315,0.2,14.108526229858398,2109,32.096920013427734,30.716211318969727,0.07999999076128006,0.2109375,0.0001,0.985056459903717
82,2140160,207.14415235493018,88.93,3677,149,0.024491516252358753,0.027157262,0.2,16.83331871032715,2110,32.096920013427734,37.48273213704427,0.07999999076128006,0.2994791666666667,0.0001,0.9842864274978638
83,2142208,204.99172486956002,88.35,3677,150,-0.0009117809434731802,0.0144859115,0.2,36.05830764770508,2111,32.096920013427734,79.5714823404948,0.07999999076128006,0.18489583333333334,0.0001,0.9719997644424438
84,2144256,204.446138694194,88.26,3677,151,0.011447279248386621,0.018071255,0.2,24.719724655151367,2112,32.096920013427734,49.345001220703125,0.07999999076128006,0.2431640625,0.0001,0.9778526425361633
84,2146304,202.28002124950922,87.46,3677,152,0.004423728212714195,0.019190399,0.2,21.92237663269043,2113,32.096920013427734,47.96905390421549,0.07999999076128006,0.23828125,0.0001,0.9755740165710449
85,2148352,202.40292400262825,87.66,3676,153,0.011719842751820883,0.02355023,0.2,18.721961975097656,2114,32.096920013427734,36.22655741373698,0.07999999076128006,0.234375,0.0001,0.9789988398551941
85,2150400,200.42660323327382,86.63,3676,154,0.027054823624591034,0.031143526,0.2,14.555010795593262,2115,32.096920013427734,28.679632822672527,0.07999999076128006,0.31640625,0.0001,0.9866815209388733
86,2152448,198.03832070975375,85.31,3676,155,0.03507831459864974,0.024604043,0.2,13.851922035217285,2116,32.096920013427734,29.255535125732422,0.07999999076128006,0.255859375,0.0001,0.9878590703010559
86,2154496,199.585316042719,85.72,3676,156,0.007979510352015495,0.01598081,0.2,16.398374557495117,2117,32.096920013427734,32.58504295349121,0.07999999076128006,0.212890625,0.0001,0.9842855930328369
87,2156544,199.40895504824093,85.33,3676,157,0.01833409070968628,0.0371044,0.2,19.8492431640625,2118,32.096920013427734,55.063873291015625,0.07999999076128006,0.3268229166666667,0.0001,0.9786508083343506
88,2158592,201.46732686662537,85.66,3675,158,0.023698630432287853,0.025039233,0.2,14.951850891113281,2119,32.096920013427734,34.421548207600914,0.07999999076128006,0.2643229166666667,0.0001,0.9839475154876709
88,2160640,203.95424479184277,86.3,3675,159,0.021559218565622967,0.017131954,0.2,25.00171661376953,2120,32.096920013427734,44.045647939046226,0.07999999076128006,0.23958333333333334,0.0001,0.9813520908355713
89,2162688,206.29954527084104,87.05,3675,160,0.021238772198557854,0.018135851,0.2,22.311744689941406,2121,32.096920013427734,45.03568649291992,0.07999999076128006,0.2265625,0.0001,0.9798420071601868
89,2164736,210.2391934446313,88.54,3675,161,0.014139712477723757,0.014666934,0.2,25.43952751159668,2122,32.096920013427734,52.783007303873696,0.07999999076128006,0.20833333333333334,0.0001,0.9746853113174438
90,2166784,209.24005374270192,88.13,3673,162,0.012865951595207056,0.028696077,0.2,16.909822463989258,2123,32.096920013427734,30.589043935139973,0.07999999076128006,0.3111979166666667,0.0001,0.9867690801620483
90,2168832,207.5828372384175,87.59,3673,163,0.026373558367292087,0.033047453,0.2,21.49073600769043,2124,32.096920013427734,41.66006342569987,0.07999999076128006,0.2903645833333333,0.0001,0.9831308126449585
91,2170880,203.76894582652506,86.49,3672,164,0.009638281849523386,0.018546889,0.2,18.033069610595703,2125,32.096920013427734,37.39386749267578,0.07999999076128006,0.22395833333333334,0.0001,0.9849810004234314
92,2172928,199.33594992081726,84.93,3672,165,0.01293490050981442,0.01620993,0.2,12.671846389770508,2126,32.096920013427734,24.530845642089844,0.07999999076128006,0.22526041666666666,0.0001,0.9884902238845825
92,2174976,197.8511392274026,84.71,3672,166,0.007245041740437348,0.014210104,0.2,13.661415100097656,2127,32.096920013427734,27.98096211751302,0.07999999076128006,0.18489583333333334,0.0001,0.9879423975944519
93,2177024,196.468749435718,84.4,3671,167,0.026271108848353226,0.029822404,0.2,12.296182632446289,2128,32.096920013427734,24.65941874186198,0.07999999076128006,0.2994791666666667,0.0001,0.9899952411651611
93,2179072,196.07917894632214,84.2,3671,168,0.02651409711688757,0.031273972,0.2,12.77298641204834,2129,32.096920013427734,24.935876210530598,0.07999999076128006,0.3046875,0.0001,0.9893802404403687
94,2181120,196.02615725819447,84.33,3671,169,0.019892196481426556,0.02314122,0.2,10.322732925415039,2130,32.096920013427734,23.825542449951172,0.07999999076128006,0.2682291666666667,0.0001,0.9879618287086487
94,2183168,192.9365515542773,83.13,3671,170,0.02206130449970563,0.020543715,0.2,12.310864448547363,2131,32.096920013427734,28.101455052693684,0.07999999076128006,0.2708333333333333,0.0001,0.9880150556564331
95,2185216,191.441396771393,82.82,3671,171,0.002750772488070652,0.019892313,0.2,83.22065734863281,2132,32.096920013427734,92.81958961486816,0.07999999076128006,0.23046875,0.0001,0.9671950936317444
95,2187264,191.28735394770422,82.8,3671,172,0.022531749680638313,0.027635213,0.2,10.805201530456543,2133,32.096920013427734,19.072683334350586,0.07999999076128006,0.275390625,0.0001,0.9916832447052002
96,2189312,191.54925958148894,82.86,3671,173,0.013668025145307183,0.018878752,0.2,13.384299278259277,2134,32.096920013427734,26.736231803894043,0.07999999076128006,0.216796875,0.0001,0.9866315126419067
97,2191360,194.02786258730828,83.71,3671,174,0.01172899641096592,0.020655302,0.2,11.950385093688965,2135,32.096920013427734,23.89579963684082,0.07999999076128006,0.228515625,0.0001,0.989564836025238
97,2193408,198.54778151073663,85.52,3671,175,0.0328364260494709,0.048918594,0.2,10.886761665344238,2136,32.096920013427734,22.7250337600708,0.07999999076128006,0.294921875,0.0001,0.9896665811538696
98,2195456,200.68374527111627,86.11,3671,176,0.03155163978226483,0.032215953,0.2,17.486888885498047,2137,32.096920013427734,34.278663635253906,0.07999999076128006,0.287109375,0.0001,0.9865140914916992
98,2197504,202.92737025119834,86.91,3671,177,0.00927818100899458,0.031601965,0.2,13.965174674987793,2138,32.096920013427734,27.192330360412598,0.07999999076128006,0.275390625,0.0001,0.9864169359207153
99,2199552,203.24395444661718,87.03,3671,178,0.033765748143196106,0.023712395,0.2,13.578181266784668,2139,32.096920013427734,23.898886680603027,0.07999999076128006,0.259765625,0.0001,0.9886713624000549
99,2201600,204.25838630661423,87.6,3671,179,0.03249242156744003,0.026004868,0.2,16.702335357666016,2140,32.096920013427734,31.13025665283203,0.07999999076128006,0.255859375,0.0001,0.9855542778968811
100,2203648,205.3147633352095,88.11,3671,180,0.026058999821543694,0.023409925,0.2,14.565181732177734,2141,32.096920013427734,30.228154182434082,0.07999999076128006,0.255859375,0.0001,0.9870270490646362
100,2205696,205.73240849809903,88.53,3671,181,0.008884061127901077,0.018912775,0.2,12.872806549072266,2142,32.096920013427734,29.61404800415039,0.07999999076128006,0.232421875,0.0001,0.9864257574081421
101,2207744,208.3479611944439,89.96,3671,182,0.008703859522938728,0.015487902,0.2,19.57248306274414,2143,32.096920013427734,38.36750793457031,0.07999999076128006,0.244140625,0.0001,0.979019284248352
102,2209792,206.05716035970755,89.18,3670,183,0.017191987484693527,0.02981319,0.2,41.2767448425293,2144,32.096920013427734,61.27860895792643,0.07999999076128006,0.3190104166666667,0.0001,0.9714522957801819
102,2211840,203.9270222802352,88.65,3670,184,0.020066943019628525,0.02684216,0.2,16.25858497619629,2145,32.096920013427734,32.918164571126304,0.07999999076128006,0.2799479166666667,0.0001,0.9810925126075745
103,2213888,203.7264367395896,88.89,3670,185,0.013948022698362669,0.021851808,0.2,13.016722679138184,2146,32.096920013427734,26.89892069498698,0.07999999076128006,0.24348958333333334,0.0001,0.9856188893318176
103,2215936,200.23059689343253,87.88,3670,186,0.011025068039695421,0.017887378,0.2,22.967161178588867,2147,32.096920013427734,57.288812001546226,0.07999999076128006,0.22135416666666666,0.0001,0.9752516150474548
104,2217984,200.4553212966721,88.01,3670,187,0.017905751708894968,0.029379915,0.2,18.040679931640625,2148,32.096920013427734,35.19492530822754,0.07999999076128006,0.275390625,0.0001,0.9859113693237305
104,2220032,200.2766140911759,87.92,3670,188,0.02245315071195364,0.019240553,0.2,22.304780960083008,2149,32.096920013427734,41.8033390045166,0.07999999076128006,0.2578125,0.0001,0.9812724590301514
105,2222080,195.86000152099365,86.17,3670,189,0.01812245324254036,0.015191289,0.2,28.055776596069336,2150,32.096920013427734,86.38236618041992,0.07999999076128006,0.1953125,0.0001,0.9509519338607788
106,2224128,197.45000849002022,87.08,3670,190,0.01671913048873345,0.040298607,0.2,84.36066436767578,2151,32.096920013427734,171.0734100341797,0.07999999076128006,0.3372395833333333,0.0001,0.916763424873352
106,2226176,198.04070032436334,87.6,3670,191,0.007044742815196514,0.022716187,0.2,44.73895263671875,2152,32.096920013427734,94.35310363769531,0.07999999076128006,0.25390625,0.0001,0.9540249109268188
107,2228224,196.97721407741847,87.52,3670,192,0.011230262229219079,0.023264762,0.2,69.20758056640625,2153,32.096920013427734,107.69263362884521,0.07999999076128006,0.24609375,0.0001,0.928738534450531
107,2230272,195.5544407005564,87.07,3670,193,0.009307793652017912,0.027937153,0.2,22.0246639251709,2154,32.096920013427734,82.0697758992513,0.07999999076128006,0.28515625,0.0001,0.9563190340995789
108,2232320,198.16358634058423,87.93,3670,194,0.011186822317540646,0.020291345,0.2,140.96725463867188,2155,32.096920013427734,236.46581522623697,0.07999999076128006,0.2578125,0.0001,0.8769461512565613
108,2234368,196.37475542955264,87.13,3669,195,0.019529309822246432,0.018244365,0.2,42.65672302246094,2156,32.096920013427734,99.24747085571289,0.07999999076128006,0.2587890625,0.0001,0.940507709980011
109,2236416,197.67842491144359,87.47,3669,196,0.004928873851895332,0.013883109,0.2,76.5358657836914,2157,32.096920013427734,156.64443969726562,0.07999999076128006,0.18098958333333334,0.0001,0.922316312789917
109,2238464,201.2087616349522,88.74,3669,197,0.026537646849950153,0.028923186,0.2,32.28394317626953,2158,32.096920013427734,72.91556294759114,0.07999999076128006,0.3033854166666667,0.0001,0.9675390124320984
110,2240512,202.737162419926,89.35,3669,198,0.011845674986640612,0.014140588,0.2,49.084774017333984,2159,32.096920013427734,86.0663210550944,0.07999999076128006,0.20052083333333334,0.0001,0.9555892944335938
111,2242560,203.83173928390653,89.46,3669,199,0.011280619849761328,0.014101525,0.2,36.67556381225586,2160,32.096920013427734,94.27642313639323,0.07999999076128006,0.1875,0.0001,0.9605154395103455
111,2244608,205.88621242639104,90.2,3669,200,0.010504795238375664,0.01973809,0.2,43.488948822021484,2161,32.096920013427734,121.7348861694336,0.07999999076128006,0.2509765625,0.0001,0.9320482015609741
112,2246656,205.67292686025212,90.15,3668,201,0.007254564436152577,0.016412038,0.2,61.385433197021484,2162,32.096920013427734,126.99624061584473,0.07999999076128006,0.2138671875,0.0001,0.9458561539649963
112,2248704,206.32412860393433,90.25,3668,202,0.011945316940546036,0.014243421,0.2,38.489479064941406,2163,32.096920013427734,68.43174438476562,0.07999999076128006,0.1984375,0.0001,0.9620400071144104
113,2250752,206.2028973904158,90.15,3668,203,0.009732251800596715,0.01589822,0.2,43.36802291870117,2164,32.096920013427734,97.61579895019531,0.07999999076128006,0.209375,0.0001,0.9491313099861145
113,2252800,203.35389704961597,88.94,3667,204,0.011854718090035021,0.017682789,0.2,40.9395637512207,2165,32.096920013427734,84.06564998626709,0.07999999076128006,0.25146484375,0.0001,0.960242748260498
114,2254848,202.3258612595982,88.55,3667,205,0.01939806683609883,0.02083082,0.2,41.74296951293945,2166,32.096920013427734,82.94492594401042,0.07999999076128006,0.2591145833333333,0.0001,0.9680709838867188
115,2256896,202.71211879490656,88.56,3667,206,0.009453085251152515,0.014394058,0.2,21.41253662109375,2167,32.096920013427734,52.07565975189209,0.07999999076128006,0.19921875,0.0001,0.9766249656677246
115,2258944,204.46960180977746,89.26,3667,207,0.0174548247596249,0.019107854,0.2,30.932140350341797,2168,32.096920013427734,54.87372970581055,0.07999999076128006,0.220703125,0.0001,0.9767915606498718
116,2260992,208.54844458790365,90.98,3666,208,0.018816362135112286,0.024360325,0.2,29.07720375061035,2169,32.096920013427734,59.72509002685547,0.07999999076128006,0.234375,0.0001,0.9750331044197083
116,2263040,212.26791844828966,92.58,3666,209,0.009859449230134487,0.029297035,0.2,23.904510498046875,2170,32.096920013427734,56.22064399719238,0.07999999076128006,0.28125,0.0001,0.9768714308738708
117,2265088,212.0146216974239,92.57,3666,210,0.014805834740400314,0.019488815,0.2,36.908782958984375,2171,32.096920013427734,74.60868072509766,0.07999999076128006,0.25390625,0.0001,0.9670568704605103
117,2267136,213.15041338907682,92.87,3666,211,0.013369293883442879,0.019025117,0.2,42.84055709838867,2172,32.096920013427734,97.07150268554688,0.07999999076128006,0.255859375,0.0001,0.9557459354400635
118,2269184,209.21380318089058,91.11,3666,212,0.00555335683748126,0.027147733,0.2,22.08247184753418,2173,32.096920013427734,44.492820739746094,0.07999999076128006,0.265625,0.0001,0.9826675057411194
118,2271232,211.15594272135093,91.79,3666,213,0.035023254652818046,0.035857316,0.2,23.364978790283203,2174,32.096920013427734,45.23159535725912,0.07999999076128006,0.3255208333333333,0.0001,0.9805806279182434
119,2273280,209.89155983872647,91.08,3665,214,0.018725970139106114,0.022338822,0.2,19.782670974731445,2175,32.096920013427734,44.67975362141927,0.07999999076128006,0.2630208333333333,0.0001,0.9779165983200073
120,2275328,209.1820200854307,90.98,3663,215,0.007061163584391276,0.018029658,0.2,25.094749450683594,2176,32.096920013427734,61.65120188395182,0.07999999076128006,0.2421875,0.0001,0.9775501489639282
120,2277376,211.3640971609978,92.12,3660,216,0.0050416067242622375,0.013838407,0.2,30.43853187561035,2177,32.096920013427734,61.89659881591797,0.07999999076128006,0.18229166666666666,0.0001,0.9748257398605347
121,2279424,208.52811198220635,90.84,3660,217,0.008034612284973264,0.017585283,0.2,18.530397415161133,2178,32.096920013427734,44.32637596130371,0.07999999076128006,0.232421875,0.0001,0.9780148863792419
121,2281472,205.86558103983612,89.55,3659,218,0.01249206019565463,0.017064378,0.2,17.10098648071289,2179,32.096920013427734,36.0888729095459,0.07999999076128006,0.2109375,0.0001,0.9840914011001587
122,2283520,209.62768205016803,90.97,3659,219,0.03452645894140005,0.029360548,0.2,21.314697265625,2180,32.096920013427734,40.250444412231445,0.07999999076128006,0.2734375,0.0001,0.9823812246322632
123,2285568,209.9769112869569,90.56,3659,220,0.02890577632933855,0.030202318,0.2,19.07248878479004,2181,32.096920013427734,35.70637130737305,0.07999999076128006,0.28125,0.0001,0.9846101403236389
123,2287616,211.0553233791329,90.8,3658,221,0.004076412413269281,0.019099116,0.2,26.188640594482422,2182,32.096920013427734,52.03790473937988,0.07999999076128006,0.234375,0.0001,0.9707375764846802
124,2289664,212.56093207455677,90.8,3657,222,0.0250664041377604,0.019165305,0.2,30.64202880859375,2183,32.096920013427734,55.63698959350586,0.07999999076128006,0.197265625,0.0001,0.9768736362457275
124,2291712,214.25737192489564,91.08,3656,223,-0.0020707929506897926,0.015819151,0.2,24.73625373840332,2184,32.096920013427734,55.88010215759277,0.07999999076128006,0.203125,0.0001,0.9773251414299011
125,2293760,214.48603492702426,90.69,3655,224,0.019030706336100895,0.021377524,0.2,23.618162155151367,2185,32.096920013427734,44.29589589436849,0.07999999076128006,0.25,0.0001,0.9805567860603333
126,2295808,212.77721814748028,89.65,3655,225,0.014410347367326418,0.016165026,0.2,25.859445571899414,2186,32.096920013427734,51.1380246480306,0.07999999076128006,0.21744791666666666,0.0001,0.9772732257843018
126,2297856,214.87578703708417,90.15,3654,226,0.021635449801882107,0.02342718,0.2,28.345596313476562,2187,32.096920013427734,57.56889216105143,0.07999999076128006,0.2552083333333333,0.0001,0.9739159345626831
127,2299904,213.35563891543813,89.39,3654,227,0.01639371986190478,0.028993083,0.2,27.310895919799805,2188,32.096920013427734,69.43153381347656,0.07999999076128006,0.296875,0.0001,0.9720775485038757
127,2301952,216.3181210172627,90.44,3653,228,0.017216565320268273,0.024015674,0.2,22.556522369384766,2189,32.096920013427734,46.894126892089844,0.07999999076128006,0.2802734375,0.0001,0.9796929955482483
128,2304000,221.70786934791985,92.55,3652,229,0.011295292992144823,0.023053596,0.2,27.915496826171875,2190,32.096920013427734,60.29701296488444,0.07999999076128006,0.2623697916666667,0.0001,0.9724397659301758
128,2306048,221.72724404249192,92.35,3652,230,0.01691104331985116,0.017368477,0.2,75.92811584472656,2191,32.096920013427734,157.78824615478516,0.07999999076128006,0.224609375,0.0001,0.944998025894165
129,2308096,223.55233698891442,93.22,3651,231,0.028174524195492268,0.027450329,0.2,26.33390235900879,2192,32.096920013427734,52.13724899291992,0.07999999076128006,0.2799479166666667,0.0001,0.9771159887313843
130,2310144,222.51550364773772,92.74,3650,232,0.0037003460650642714,0.019217102,0.2,57.25764846801758,2193,32.096920013427734,100.29103088378906,0.07999999076128006,0.24348958333333334,0.0001,0.9678094387054443
130,2312192,221.49402792373348,92.12,3649,233,0.009369197068735957,0.016548965,0.2,32.481781005859375,2194,32.096920013427734,69.97771263122559,0.07999999076128006,0.2158203125,0.0001,0.9714330434799194
131,2314240,216.19715541511047,90.01,3649,234,0.01340259462594986,0.01680179,0.2,21.051773071289062,2195,32.096920013427734,38.80543746948242,0.07999999076128006,0.2109375,0.0001,0.9831339120864868
131,2316288,217.17100696470342,90.25,3648,235,0.005728091113269329,0.01662077,0.2,18.78001594543457,2196,32.096920013427734,37.60305404663086,0.07999999076128006,0.21614583333333334,0.0001,0.9839709401130676
132,2318336,216.48142233698385,89.97,3648,236,0.01980438642203808,0.01691083,0.2,15.730541229248047,2197,32.096920013427734,28.399962425231934,0.07999999076128006,0.203125,0.0001,0.9885242581367493
133,2320384,219.42650102312197,91.3,3648,237,0.01624779449775815,0.020988233,0.2,21.287853240966797,2198,32.096920013427734,44.31790351867676,0.07999999076128006,0.23828125,0.0001,0.9810909628868103
133,2322432,221.8586453313997,92.51,3647,238,0.025972725823521614,0.020022258,0.2,19.74543571472168,2199,32.096920013427734,39.03510284423828,0.07999999076128006,0.21484375,0.0001,0.9840275049209595
134,2324480,220.42543508903938,92.18,3647,239,0.02584790252149105,0.026154283,0.2,31.477645874023438,2200,32.096920013427734,60.037052154541016,0.07999999076128006,0.259765625,0.0001,0.9776595234870911
134,2326528,221.22604569755146,92.8,3647,240,0.019491616636514664,0.018728381,0.2,31.20172691345215,2201,32.096920013427734,57.58547592163086,0.07999999076128006,0.236328125,0.0001,0.9752004146575928
135,2328576,221.25084155455914,92.98,3646,241,0.02141113206744194,0.021018472,0.2,16.22726821899414,2202,32.096920013427734,30.80253791809082,0.07999999076128006,0.24609375,0.0001,0.9852015376091003
135,2330624,219.67147420722887,92.64,3646,242,0.02145285625010729,0.020750012,0.2,17.58517074584961,2203,32.096920013427734,47.48596000671387,0.07999999076128006,0.2109375,0.0001,0.9786562323570251
136,2332672,218.4033191951048,92.22,3645,243,0.03263072824726502,0.042864036,0.2,25.11810874938965,2204,32.096920013427734,49.778769175211586,0.07999999076128006,0.32421875,0.0001,0.9793304800987244
137,2334720,218.29209919334372,92.33,3645,244,0.011126747354865074,0.040356483,0.2,63.70116424560547,2205,32.096920013427734,128.8730010986328,0.07999999076128006,0.3151041666666667,0.0001,0.9556049108505249
137,2336768,213.51402776226575,90.53,3645,245,0.0154456685607632,0.022142889,0.2,36.53497314453125,2206,32.096920013427734,88.08371988932292,0.07999999076128006,0.2604166666666667,0.0001,0.9680103063583374
138,2338816,214.44156801752774,91.1,3644,246,0.01277755363844335,0.020651676,0.2,45.446861267089844,2207,32.096920013427734,141.60069847106934,0.07999999076128006,0.248046875,0.0001,0.9414767026901245
138,2340864,212.74513710665823,90.69,3644,247,0.011045176815241576,0.016819578,0.2,35.397056579589844,2208,32.096920013427734,53.05208511352539,0.07999999076128006,0.22109375,0.0001,0.9802839159965515
139,2342912,210.0402192885864,89.57,3644,248,0.006003743782639503,0.020494416,0.2,106.30998229980469,2209,32.096920013427734,141.70565185546874,0.07999999076128006,0.253125,0.0001,0.9346819519996643
139,2344960,210.22884008904205,89.75,3643,249,0.008503481047227979,0.018425474,0.2,38.25371170043945,2210,32.096920013427734,84.93380355834961,0.07999999076128006,0.2314453125,0.0001,0.9616376757621765
140,2347008,206.17057248830758,88.02,3643,250,0.012576184080292782,0.017423851,0.2,32.10265350341797,2211,32.096920013427734,81.42824745178223,0.07999999076128006,0.22786458333333334,0.0001,0.964272141456604
141,2349056,206.94504506968056,88.06,3643,251,0.022515270859003067,0.03530332,0.2,36.52202224731445,2212,32.096920013427734,84.64314778645833,0.07999999076128006,0.3333333333333333,0.0001,0.955053448677063
141,2351104,208.24642453327718,88.84,3643,252,0.021031519398093224,0.022747315,0.2,31.591562271118164,2213,32.096920013427734,61.12525177001953,0.07999999076128006,0.2825520833333333,0.0001,0.9676187634468079
142,2353152,208.2765409327901,89.16,3642,253,0.010261054461201033,0.022955878,0.2,24.345718383789062,2214,32.096920013427734,49.003578186035156,0.07999999076128006,0.2643229166666667,0.0001,0.9791994690895081
142,2355200,208.63141087858162,89.34,3642,254,0.01226867688819766,0.01665641,0.2,71.29759979248047,2215,32.096920013427734,149.44109090169272,0.07999999076128006,0.20963541666666666,0.0001,0.941053569316864
143,2357248,206.41875499810993,88.6,3642,255,0.008309919231881699,0.01590327,0.2,42.73094177246094,2216,32.096920013427734,119.03117116292317,0.07999999076128006,0.19791666666666666,0.0001,0.9357993006706238
143,2359296,204.1622970775253,87.72,3641,256,0.003354278082648913,0.013814879,0.2,48.480621337890625,2217,32.096920013427734,129.08504231770834,0.07999999076128006,0.19791666666666666,0.0001,0.9520261287689209
144,2361344,202.83148073010616,87.31,3641,257,0.02301881229504943,0.017242528,0.2,25.281368255615234,2218,32.096920013427734,54.75871562957764,0.07999999076128006,0.2392578125,0.0001,0.9755486845970154
145,2363392,200.6031300007984,86.24,3640,258,0.011604672996327281,0.019410707,0.2,56.56535339355469,2219,32.096920013427734,109.55777740478516,0.07999999076128006,0.2353515625,0.0001,0.9437222480773926
145,2365440,200.67391794037678,86.49,3640,259,0.02079141978174448,0.01504165,0.2,20.43552017211914,2220,32.096920013427734,43.57441838582357,0.07999999076128006,0.19791666666666666,0.0001,0.9750794172286987
146,2367488,203.11697384388884,87.69,3640,260,0.007814352493733167,0.015721522,0.2,32.309288024902344,2221,32.096920013427734,66.38243560791015,0.07999999076128006,0.21484375,0.0001,0.9655874967575073
146,2369536,206.0345330457828,88.79,3639,261,0.01780151971615851,0.01821183,0.2,29.024616241455078,2222,32.096920013427734,63.32105731964111,0.07999999076128006,0.232421875,0.0001,0.9719258546829224
147,2371584,205.70158032510736,88.61,3639,262,0.018708492978475988,0.017040404,0.2,44.426002502441406,2223,32.096920013427734,84.04603385925293,0.07999999076128006,0.2080078125,0.0001,0.9572650194168091
148,2373632,204.94317503346713,88.2,3638,263,0.01606287667527795,0.013927382,0.2,86.08565521240234,2224,32.096920013427734,94.23482418060303,0.07999999076128006,0.1826171875,0.0001,0.9457370638847351
148,2375680,204.40723543187855,87.98,3638,264,0.0007173406581083933,0.01647395,0.2,63.14696502685547,2225,32.096920013427734,117.01045735677083,0.07999999076128006,0.19270833333333334,0.0001,0.9399929046630859
149,2377728,204.4105923486538,88.09,3638,265,0.014629998554786047,0.016877541,0.2,31.448562622070312,2226,32.096920013427734,74.20022201538086,0.07999999076128006,0.22265625,0.0001,0.9615471959114075
149,2379776,200.82668649286657,86.82,3637,266,0.006425832398235798,0.02031793,0.2,19.594615936279297,2227,32.096920013427734,52.35542678833008,0.07999999076128006,0.24609375,0.0001,0.9669780731201172
150,2381824,203.0722401192975,87.92,3637,267,0.012574156560003758,0.019596318,0.2,56.52614974975586,2228,32.096920013427734,119.63523864746094,0.07999999076128006,0.246875,0.0001,0.9417250752449036
150,2383872,200.99456980606868,87.31,3636,268,0.006191918005545934,0.013976083,0.2,22.285743713378906,2229,32.096920013427734,47.64322153727213,0.07999999076128006,0.203125,0.0001,0.9793127775192261
151,2385920,200.25779455541695,87.29,3636,269,0.016303267097100616,0.01601346,0.2,76.49610900878906,2230,32.096920013427734,128.67370223999023,0.07999999076128006,0.212890625,0.0001,0.9424926042556763
152,2387968,201.74982484967194,88.02,3636,270,0.004561322430769603,0.013277508,0.2,37.44757080078125,2231,32.096920013427734,70.11373392740886,0.07999999076128006,0.171875,0.0001,0.9639328718185425
152,2390016,203.5479430967183,89.23,3635,271,0.021441396946708362,0.023524111,0.2,27.79578399658203,2232,32.096920013427734,63.12870534261068,0.07999999076128006,0.24869791666666666,0.0001,0.9711400270462036
153,2392064,201.35693602949482,88.09,3635,272,0.001912659655014674,0.014701801,0.2,43.96662902832031,2233,32.096920013427734,101.38482666015625,0.07999999076128006,0.20052083333333334,0.0001,0.9501832127571106
153,2394112,200.9684075798158,87.96,3635,273,0.015252097820242247,0.01707787,0.2,33.485015869140625,2234,32.096920013427734,78.10560099283855,0.07999999076128006,0.21484375,0.0001,0.9522304534912109
154,2396160,197.97481147000985,86.71,3634,274,0.017218519002199173,0.020992907,0.2,35.52070236206055,2235,32.096920013427734,70.33590698242188,0.07999999076128006,0.244140625,0.0001,0.9607447981834412
154,2398208,196.21111906654906,85.93,3634,275,0.014758426296923841,0.0163959,0.2,23.528528213500977,2236,32.096920013427734,62.33813640049526,0.07999999076128006,0.23716517857142858,0.0001,0.9665572047233582
155,2400256,196.43850856621742,86.28,3633,276,0.007714481558650732,0.016229302,0.2,46.2442741394043,2237,32.096920013427734,96.20256042480469,0.07999999076128006,0.208984375,0.0001,0.9477611780166626
156,2402304,194.9951700783065,85.6,3633,277,0.030670373390118282,0.03123424,0.2,29.666725158691406,2238,32.096920013427734,67.22331619262695,0.07999999076128006,0.3125,0.0001,0.9702797532081604
156,2404352,197.85093784020108,87.27,3632,278,0.019135234877467155,0.025768846,0.2,18.410661697387695,2239,32.096920013427734,37.35309346516927,0.07999999076128006,0.2721354166666667,0.0001,0.9808601140975952
157,2406400,197.0386040946182,87.19,3632,279,0.02158613270148635,0.017387131,0.2,8.88542366027832,2240,32.096920013427734,19.880517959594727,0.07999999076128006,0.216796875,0.0001,0.9896643161773682
157,2408448,197.71173842026994,87.73,3631,280,0.011688453455766043,0.016217416,0.2,20.35134506225586,2241,32.096920013427734,46.84393310546875,0.07999999076128006,0.2109375,0.0001,0.9758081436157227
158,2410496,195.65109017948637,86.97,3631,281,0.009076408110558987,0.020562492,0.2,17.441251754760742,2242,32.096920013427734,39.209720611572266,0.07999999076128006,0.24088541666666666,0.0001,0.9819391369819641
159,2412544,191.36905670350706,84.95,3630,282,0.022137777724613745,0.018588416,0.2,20.247867584228516,2243,32.096920013427734,34.65476671854655,0.07999999076128006,0.24609375,0.0001,0.984700620174408
159,2414592,190.58519688656253,84.63,3630,283,0.016146857349667698,0.022169936,0.2,15.25894832611084,2244,32.096920013427734,40.01412773132324,0.07999999076128006,0.2646484375,0.0001,0.980381190776825
160,2416640,188.6604390345352,83.86,3630,284,0.0045191142708063126,0.0155152,0.2,38.454254150390625,2245,32.096920013427734,83.08584403991699,0.07999999076128006,0.1953125,0.0001,0.962733268737793
160,2418688,183.68911283008455,81.92,3629,285,0.009241993073374033,0.017352106,0.2,21.25554847717285,2246,32.096920013427734,37.82793378829956,0.07999999076128006,0.21484375,0.0001,0.9839295744895935
161,2420736,181.6347999981225,81.21,3628,286,0.00495905545540154,0.021852475,0.2,46.27971649169922,2247,32.096920013427734,102.97491836547852,0.07999999076128006,0.23828125,0.0001,0.9356500506401062
161,2422784,178.81347586250624,79.91,3628,287,0.006815643049776554,0.017574312,0.2,28.814050674438477,2248,32.096920013427734,103.4653377532959,0.07999999076128006,0.2265625,0.0001,0.9571396112442017
162,2424832,177.21809376895104,79.11,3628,288,0.005648826869825522,0.0128260115,0.2,16.99287986755371,2249,32.096920013427734,37.58632787068685,0.07999999076128006,0.16536458333333334,0.0001,0.9812214374542236
163,2426880,183.28727615128224,81.73,3627,289,0.028894715011119843,0.019462502,0.2,17.10854148864746,2250,32.096920013427734,35.88454564412435,0.07999999076128006,0.2421875,0.0001,0.9820762872695923
163,2428928,187.5820989381615,83.91,3627,290,0.01507409568876028,0.023098148,0.2,23.39882469177246,2251,32.096920013427734,52.89802360534668,0.07999999076128006,0.2607421875,0.0001,0.9666504859924316
164,2430976,188.53371257075608,83.88,3627,291,0.02114668278954923,0.01656338,0.2,18.001697540283203,2252,32.096920013427734,35.28923749923706,0.07999999076128006,0.23046875,0.0001,0.9821971654891968
164,2433024,193.6762688414221,86.08,3626,292,0.003813617955893278,0.018138573,0.2,48.064449310302734,2253,32.096920013427734,94.26467895507812,0.07999999076128006,0.22734375,0.0001,0.9425951242446899
165,2435072,193.61335912238866,85.93,3626,293,0.007063574623316526,0.01702327,0.2,21.297069549560547,2254,32.096920013427734,33.43219041824341,0.07999999076128006,0.2255859375,0.0001,0.9823656678199768
166,2437120,196.3944181717992,86.69,3625,294,-0.002748901769518852,0.01590184,0.2,23.73967170715332,2255,32.096920013427734,54.379808807373045,0.07999999076128006,0.20703125,0.0001,0.9696216583251953
166,2439168,202.59409624622575,89.54,3625,295,0.007938048336654902,0.019138835,0.2,26.695636749267578,2256,32.096920013427734,92.53032493591309,0.07999999076128006,0.2373046875,0.0001,0.9491864442825317
167,2441216,204.1720192942214,89.87,3625,296,0.008900906269749006,0.017918801,0.2,22.504684448242188,2257,32.096920013427734,46.90851847330729,0.07999999076128006,0.23893229166666666,0.0001,0.9760819673538208
167,2443264,207.21751691668157,90.95,3624,297,0.018234167868892353,0.021020787,0.2,45.505001068115234,2258,32.096920013427734,92.38878631591797,0.07999999076128006,0.2799479166666667,0.0001,0.9572893977165222
168,2445312,206.55007836232318,90.35,3624,298,0.021595110495885212,0.020889727,0.2,32.88957595825195,2259,32.096920013427734,68.27504475911458,0.07999999076128006,0.24739583333333334,0.0001,0.9706830978393555
168,2447360,210.17554741934066,91.82,3624,299,0.012387112714350224,0.025229014,0.2,38.704078674316406,2260,32.096920013427734,77.80832290649414,0.07999999076128006,0.2607421875,0.0001,0.9638030529022217
169,2449408,213.0997772920569,92.77,3623,300,0.01554107409901917,0.016514435,0.2,37.19757080078125,2261,32.096920013427734,72.32727559407552,0.07999999076128006,0.20703125,0.0001,0.9641770124435425
170,2451456,212.36303055063226,92.18,3623,301,0.030907851333419483,0.033594448,0.2,23.545074462890625,2262,32.096920013427734,50.89418156941732,0.07999999076128006,0.33203125,0.0001,0.9751641154289246
170,2453504,213.83884929755186,92.29,3623,302,0.030062668025493622,0.02036325,0.2,41.92567443847656,2263,32.096920013427734,83.78915119171143,0.07999999076128006,0.2578125,0.0001,0.9657659530639648
171,2455552,216.98982544131923,93.58,3622,303,0.002598975785076618,0.018944694,0.2,26.349292755126953,2264,32.096920013427734,66.75852966308594,0.07999999076128006,0.24479166666666666,0.0001,0.9715629816055298
171,2457600,218.37544979213416,93.65,3622,304,0.018549995496869087,0.013590618,0.2,39.81729507446289,2265,32.096920013427734,72.23728942871094,0.07999999076128006,0.19140625,0.0001,0.9645298719406128
172,2459648,220.83587680472712,94.38,3622,305,0.011647109873592854,0.0142734805,0.2,27.205703735351562,2266,32.096920013427734,56.66285514831543,0.07999999076128006,0.193359375,0.0001,0.9777684807777405
173,2461696,222.98101050461685,94.87,3621,306,0.01362215494737029,0.016940549,0.2,21.821613311767578,2267,32.096920013427734,43.394968032836914,0.07999999076128006,0.2119140625,0.0001,0.9828137755393982
173,2463744,222.9216782700471,94.48,3621,307,0.01464073359966278,0.016321864,0.2,42.42008590698242,2268,32.096920013427734,80.53216171264648,0.07999999076128006,0.193359375,0.0001,0.9667296409606934
174,2465792,225.7656871694574,95.58,3621,308,0.006833760688702266,0.01574309,0.2,33.50888442993164,2269,32.096920013427734,75.90580495198567,0.07999999076128006,0.203125,0.0001,0.9697401523590088
174,2467840,226.11251895224888,95.38,3620,309,0.013275339578588804,0.023605803,0.2,25.453580856323242,2270,32.096920013427734,54.58191045125326,0.07999999076128006,0.27734375,0.0001,0.9792869687080383
175,2469888,230.19609038908757,96.9,3620,310,0.004463039571419358,0.014428529,0.2,32.576927185058594,2271,32.096920013427734,68.01504039764404,0.07999999076128006,0.1943359375,0.0001,0.9699621796607971
175,2471936,233.1597930003828,97.75,3620,311,0.004856381254891555,0.012128239,0.2,35.48458480834961,2272,32.096920013427734,71.37445576985677,0.07999999076128006,0.16666666666666666,0.0001,0.9700256586074829
176,2473984,233.6377749968304,97.62,3620,312,0.012825733361144861,0.024186214,0.2,36.03501892089844,2273,32.096920013427734,76.02318827311198,0.07999999076128006,0.24739583333333334,0.0001,0.97087562084198
177,2476032,236.33393281620909,98.18,3619,313,0.011667225044220686,0.020432137,0.2,63.863285064697266,2274,32.096920013427734,109.0289306640625,0.07999999076128006,0.2552083333333333,0.0001,0.9545329213142395
177,2478080,236.1228547538965,97.87,3619,314,0.0017786895235379536,0.013770062,0.2,24.612361907958984,2275,32.096920013427734,52.08493296305338,0.07999999076128006,0.18489583333333334,0.0001,0.9798187613487244
178,2480128,235.2962908204538,97.31,3618,315,-0.0009446423500776291,0.0164098,0.2,32.428409576416016,2276,32.096920013427734,64.70054880777995,0.07999999076128006,0.20703125,0.0001,0.9765647053718567
178,2482176,236.48885605768507,97.56,3618,316,0.0030598558175067105,0.014085469,0.2,42.97089767456055,2277,32.096920013427734,89.35411071777344,0.07999999076128006,0.19791666666666666,0.0001,0.9648062586784363
179,2484224,236.648199168525,97.54,3616,317,0.01117024477571249,0.014930949,0.2,55.01883316040039,2278,32.096920013427734,93.56576283772786,0.07999999076128006,0.20703125,0.0001,0.9631523489952087
180,2486272,239.05497715019635,98.3,3614,318,0.010426231287419796,0.01798981,0.2,42.24306869506836,2279,32.096920013427734,89.773779296875,0.07999999076128006,0.23125,0.0001,0.962825357913971
180,2488320,240.61937138168022,98.53,3613,319,0.021890731838842232,0.023069063,0.2,34.85382080078125,2280,32.096920013427734,66.03999328613281,0.07999999076128006,0.265625,0.0001,0.9733161926269531
181,2490368,239.7106827770516,98.06,3613,320,0.02241450361907482,0.02667144,0.2,30.628477096557617,2281,32.096920013427734,56.74569956461588,0.07999999076128006,0.3046875,0.0001,0.9788715839385986
181,2492416,243.07376387328608,99.07,3612,321,0.0027749650180339813,0.016842393,0.2,39.192134857177734,2282,32.096920013427734,81.79018656412761,0.07999999076128006,0.22916666666666666,0.0001,0.9707776308059692
182,2494464,244.69881873816695,99.57,3612,322,0.013180936337448657,0.017487008,0.2,41.735015869140625,2283,32.096920013427734,82.47421455383301,0.07999999076128006,0.2265625,0.0001,0.9682511687278748
183,2496512,243.3451931920094,99.23,3612,323,0.018000698027511437,0.016619533,0.2,23.29047393798828,2284,32.096920013427734,45.00524139404297,0.07999999076128006,0.24739583333333334,0.0001,0.9837930202484131
183,2498560,243.34962259122855,99.44,3611,324,0.016835388960316777,0.01596306,0.2,34.414676666259766,2285,32.096920013427734,73.29643058776855,0.07999999076128006,0.236328125,0.0001,0.9746687412261963
184,2500608,243.25540143084166,99.6,3611,325,0.004580352106131613,0.017826676,0.2,29.813180923461914,2286,32.096920013427734,54.66426467895508,0.07999999076128006,0.2216796875,0.0001,0.9770638346672058
184,2502656,237.23334135933084,97.49,3610,326,0.020004795553783577,0.014700423,0.2,15.90380859375,2287,32.096920013427734,38.29638799031576,0.07999999076128006,0.20442708333333334,0.0001,0.9857576489448547
185,2504704,236.69232403203364,97.43,3610,327,0.016751499225695927,0.019260766,0.2,26.322580337524414,2288,32.096920013427734,49.89351272583008,0.07999999076128006,0.25,0.0001,0.9823530912399292
186,2506752,236.05031042338888,97.07,3609,328,0.01437173131853342,0.019831631,0.2,25.119609832763672,2289,32.096920013427734,63.31940841674805,0.07999999076128006,0.240234375,0.0001,0.9774307012557983
186,2508800,238.3010521100142,97.81,3609,329,0.004887025182445844,0.017467663,0.2,30.64960289001465,2290,32.096920013427734,62.663403828938804,0.07999999076128006,0.23307291666666666,0.0001,0.9769967794418335
187,2510848,238.05776151289103,97.52,3609,330,0.007199719548225403,0.023869587,0.2,23.27520751953125,2291,32.096920013427734,51.522535959879555,0.07999999076128006,0.2669270833333333,0.0001,0.9807949662208557
187,2512896,240.98714829450324,98.52,3608,331,0.021083387235800426,0.01741783,0.2,27.6112060546875,2292,32.096920013427734,58.452337900797524,0.07999999076128006,0.22916666666666666,0.0001,0.9787147641181946
188,2514944,241.20086698049963,98.37,3608,332,0.016869635507464408,0.017831776,0.2,21.187551498413086,2293,32.096920013427734,40.30838394165039,0.07999999076128006,0.2328125,0.0001,0.9844280481338501
189,2516992,238.420231961934,97.2,3607,333,0.008378591621294618,0.020110399,0.2,33.028507232666016,2294,32.096920013427734,68.06516075134277,0.07999999076128006,0.244140625,0.0001,0.9775012135505676
189,2519040,235.36172154304614,96.03,3606,334,0.010616098530590534,0.017390834,0.2,22.197341918945312,2295,32.096920013427734,42.91279983520508,0.07999999076128006,0.21875,0.0001,0.9826485514640808
190,2521088,233.0638934160539,95.09,3605,335,0.005502306545774142,0.018144442,0.2,28.82027244567871,2296,32.096920013427734,52.59209442138672,0.07999999076128006,0.234375,0.0001,0.9796576499938965
190,2523136,231.02005958095933,94.27,3605,336,0.009739385607341925,0.017689025,0.2,16.783273696899414,2297,32.096920013427734,97.59670384724934,0.07999999076128006,0.22526041666666666,0.0001,0.9652154445648193
191,2525184,229.01324013275422,93.51,3604,337,0.02014295555030306,0.022039399,0.2,131.72842407226562,2298,32.096920013427734,138.44480005900064,0.07999999076128006,0.24869791666666666,0.0001,0.9664236307144165
192,2527232,226.17155311434027,92.5,3604,338,0.006867252290248871,0.022840934,0.2,20.948328018188477,2299,32.096920013427734,58.16397953033447,0.07999999076128006,0.2607421875,0.0001,0.9790300130844116
192,2529280,224.89819096248976,92.09,3603,339,0.018142467364668846,0.027995883,0.2,30.27065658569336,2300,32.096920013427734,56.257887522379555,0.07999999076128006,0.2903645833333333,0.0001,0.9761048555374146
193,2531328,223.32292389824323,91.55,3602,340,0.031282663345336914,0.033829536,0.2,18.41999626159668,2301,32.096920013427734,34.45820999145508,0.07999999076128006,0.3268229166666667,0.0001,0.9883108735084534
193,2533376,225.06953153620253,92.24,3602,341,0.023239482194185257,0.02426222,0.2,28.783023834228516,2302,32.096920013427734,58.89059193929037,0.07999999076128006,0.2643229166666667,0.0001,0.9794952869415283
194,2535424,227.37291173550366,93.17,3601,342,0.013058909215033054,0.01828495,0.2,43.19384002685547,2303,32.096920013427734,96.0908940633138,0.07999999076128006,0.22526041666666666,0.0001,0.9697955846786499
195,2537472,233.23298721760185,95.41,3601,343,0.01428987376857549,0.02147524,0.2,22.92772674560547,2304,32.096920013427734,107.82249641418457,0.07999999076128006,0.271484375,0.0001,0.9553089141845703
195,2539520,234.9314104433936,96.19,3600,344,0.008536919485777617,0.018222013,0.2,24.345050811767578,2305,32.096920013427734,55.54228083292643,0.07999999076128006,0.23177083333333334,0.0001,0.9755072593688965
196,2541568,233.45378638063627,95.64,3600,345,0.010738090611994267,0.015837433,0.2,34.172760009765625,2306,32.096920013427734,61.35005569458008,0.07999999076128006,0.205078125,0.0001,0.9793315529823303
196,2543616,234.79395332540636,96.19,3599,346,0.01001940667629242,0.013944381,0.2,85.86793518066406,2307,32.096920013427734,137.01123046875,0.07999999076128006,0.1826171875,0.0001,0.948086142539978
197,2545664,225.36323123040518,92.36,3599,347,0.0060487181569139166,0.019203184,0.2,31.588258743286133,2308,32.096920013427734,73.86372884114583,0.07999999076128006,0.24348958333333334,0.0001,0.9556924700737
198,2547712,222.54721045450688,91.27,3598,348,0.004203320946544409,0.01821017,0.2,100.85279846191406,2309,32.096920013427734,209.69528198242188,0.07999999076128006,0.2314453125,0.0001,0.9341229796409607
198,2549760,228.2418550142755,93.52,3598,349,0.00857512311389049,0.015101008,0.2,28.979537963867188,2310,32.096920013427734,65.63705952962239,0.07999999076128006,0.19270833333333334,0.0001,0.9736178517341614
199,2551808,226.31472787515912,92.68,3597,350,0.008044269246359667,0.0183749,0.2,14.912671089172363,2311,32.096920013427734,31.905057271321613,0.07999999076128006,0.21614583333333334,0.0001,0.9875078201293945
199,2553856,229.49521915090182,94.06,3597,351,0.012478913801411787,0.017249474,0.2,19.204639434814453,2312,32.096920013427734,41.77865727742513,0.07999999076128006,0.22526041666666666,0.0001,0.9838991761207581
200,2555904,223.97144960708582,92.13,3597,352,0.009190379331509272,0.014683391,0.2,21.601226806640625,2313,32.096920013427734,46.28125762939453,0.07999999076128006,0.19791666666666666,0.0001,0.9818342328071594
200,2557952,219.11602939755227,90.27,3596,353,0.021482447472711403,0.036642965,0.2,46.95014572143555,2314,32.096920013427734,74.39259974161784,0.07999999076128006,0.3229166666666667,0.0001,0.9638357758522034
201,2560000,220.45861662036415,90.8,3596,354,0.022086351178586483,0.025876453,0.2,21.7907657623291,2315,32.096920013427734,47.81002680460612,0.07999999076128006,0.29296875,0.0001,0.9807184934616089
202,2562048,219.59370530961954,90.4,3595,355,0.011876296252012253,0.01816135,0.2,20.41175651550293,2316,32.096920013427734,40.42626762390137,0.07999999076128006,0.193359375,0.0001,0.98432856798172
202,2564096,220.9969549659674,90.87,3595,356,0.009574930649250746,0.01784642,0.2,20.88536262512207,2317,32.096920013427734,41.80427932739258,0.07999999076128006,0.220703125,0.0001,0.985161542892456
203,2566144,223.4974571526914,91.67,3595,357,0.017554170917719603,0.029064566,0.2,15.36433219909668,2318,32.096920013427734,28.76094690958659,0.07999999076128006,0.3151041666666667,0.0001,0.9905244708061218
203,2568192,222.94187149981215,91.3,3594,358,0.01709655796488126,0.019653581,0.2,81.1303482055664,2319,32.096920013427734,120.05904388427734,0.07999999076128006,0.2591145833333333,0.0001,0.9620158076286316
204,2570240,221.92369297583576,90.81,3594,359,0.014037998082737127,0.01706967,0.2,21.379079818725586,2320,32.096920013427734,42.13863754272461,0.07999999076128006,0.22395833333333334,0.0001,0.9814925789833069
205,2572288,216.25333480560832,88.44,3593,360,0.007712994469329715,0.020722978,0.2,15.429006576538086,2321,32.096920013427734,30.11583948135376,0.07999999076128006,0.244140625,0.0001,0.988398015499115
205,2574336,215.16227612000486,88.08,3593,361,0.008462675536672274,0.024364477,0.2,36.60870361328125,2322,32.096920013427734,61.63900375366211,0.07999999076128006,0.2760416666666667,0.0001,0.9664278626441956
206,2576384,208.07420522524183,85.28,3592,362,0.005611989181488752,0.02255347,0.2,17.938417434692383,2323,32.096920013427734,35.00843524932861,0.07999999076128006,0.2705078125,0.0001,0.9850751757621765
206,2578432,204.96306466539107,83.99,3592,363,0.014445843795935312,0.027130842,0.2,37.62306594848633,2324,32.096920013427734,115.6649398803711,0.07999999076128006,0.2799479166666667,0.0001,0.9585519433021545
207,2580480,195.06421906285644,79.94,3591,364,0.010053925837079683,0.018981114,0.2,26.19512176513672,2325,32.096920013427734,96.61919657389323,0.07999999076128006,0.24088541666666666,0.0001,0.9641185402870178
208,2582528,187.58244833877595,76.98,3591,365,0.009321162011474371,0.02414079,0.2,92.80064392089844,2326,32.096920013427734,310.4919624328613,0.07999999076128006,0.2705078125,0.0001,0.9097185134887695
208,2584576,183.841222643378,75.39,3590,366,0.004896291182376444,0.0136913,0.2,69.02262115478516,2327,32.096920013427734,209.0605812072754,0.07999999076128006,0.1748046875,0.0001,0.9071922898292542
209,2586624,181.84777410043614,74.65,3590,367,0.008159398008137942,0.011491544,0.2,57.594783782958984,2328,32.096920013427734,140.5118896484375,0.07999999076128006,0.14921875,0.0001,0.9403473734855652
209,2588672,184.2565582208471,75.53,3589,368,0.009540951500336329,0.02241944,0.2,15.347021102905273,2329,32.096920013427734,42.86918640136719,0.07999999076128006,0.2825520833333333,0.0001,0.9838247895240784
210,2590720,186.3832683061133,76.38,3589,369,0.011083237826824188,0.01900296,0.2,133.52044677734375,2330,32.096920013427734,226.22281901041666,0.07999999076128006,0.234375,0.0001,0.8953356146812439
211,2592768,185.26535441694605,76.04,3588,370,0.008988471585325897,0.022075027,0.2,21.78243637084961,2331,32.096920013427734,74.00466537475586,0.07999999076128006,0.259765625,0.0001,0.9596825242042542
211,2594816,184.6178829972431,75.96,3588,371,0.007170568685978651,0.018108916,0.2,57.933414459228516,2332,32.096920013427734,104.42440605163574,0.07999999076128006,0.224609375,0.0001,0.9512854218482971
212,2596864,187.83491792429493,77.2,3587,372,0.00535164400935173,0.019635767,0.2,17.52655601501465,2333,32.096920013427734,34.574424743652344,0.07999999076128006,0.2578125,0.0001,0.9822081923484802
212,2598912,185.1729008012011,75.81,3587,373,0.0038618498171369233,0.013868551,0.2,41.64362335205078,2334,32.096920013427734,94.9910176595052,0.07999999076128006,0.19270833333333334,0.0001,0.9492651224136353
213,2600960,186.8898527559235,76.51,3586,374,0.00916136964224279,0.02148205,0.2,80.01408386230469,2335,32.096920013427734,111.6479377746582,0.07999999076128006,0.255859375,0.0001,0.9498218297958374
214,2603008,188.17803044887143,77.0,3586,375,0.014710720861330628,0.02045085,0.2,82.48081970214844,2336,32.096920013427734,112.94049224853515,0.07999999076128006,0.271875,0.0001,0.9395876526832581
214,2605056,191.73263880261368,78.9,3585,376,0.025858516804873943,0.018100161,0.2,26.851308822631836,2337,32.096920013427734,47.208181381225586,0.07999999076128006,0.2294921875,0.0001,0.9752609729766846
215,2607104,197.42303443157618,81.45,3584,377,0.006234125441147221,0.045642305,0.2,11.509373664855957,2339,32.096920013427734,28.359555350409615,0.07999999076128006,0.23828125,0.0001,0.9863365292549133
216,2609152,198.4731577913868,82.05,3583,378,0.007051520360012849,0.019843906,0.2,25.481727600097656,2340,32.096920013427734,46.18463007609049,0.07999999076128006,0.23567708333333334,0.0001,0.9767645597457886
216,2611200,198.9100416455216,82.02,3583,379,0.020175849397977192,0.019033296,0.2,21.30280113220215,2341,32.096920013427734,41.25266710917155,0.07999999076128006,0.22005208333333334,0.0001,0.9720497131347656
217,2613248,194.01777897180745,79.47,3582,380,0.008732880931347609,0.015512415,0.2,29.120370864868164,2342,32.096920013427734,53.45553207397461,0.07999999076128006,0.203125,0.0001,0.9694094061851501
217,2615296,190.49983212082356,78.17,3582,381,0.026499707251787186,0.032739814,0.2,59.09696960449219,2343,32.096920013427734,115.74546813964844,0.07999999076128006,0.3046875,0.0001,0.9381825923919678
218,2617344,183.3419194142664,74.95,3581,382,0.009076588476697603,0.015722586,0.2,44.063499450683594,2344,32.096920013427734,73.92521413167317,0.07999999076128006,0.18619791666666666,0.0001,0.9728832244873047
219,2619392,179.82361845148574,73.13,3581,383,0.01681782165542245,0.02531359,0.2,95.51725006103516,2345,32.096920013427734,313.5004196166992,0.07999999076128006,0.2861328125,0.0001,0.8671857118606567
219,2621440,185.737059515065,75.59,3581,384,0.00032688087473313016,0.013890184,0.2,86.01661682128906,2346,32.096920013427734,165.14202372233072,0.07999999076128006,0.1953125,0.0001,0.9020466208457947
220,2623488,193.4402025619849,78.3,3580,385,0.014795748051255941,0.01743632,0.2,35.28746795654297,2347,32.096920013427734,89.5311508178711,0.07999999076128006,0.2177734375,0.0001,0.961779773235321
220,2625536,203.78986830986574,82.85,3579,386,0.002198571339249611,0.019558646,0.2,42.0467643737793,2348,32.096920013427734,81.36097717285156,0.07999999076128006,0.23828125,0.0001,0.9592790603637695
221,2627584,212.8544201750421,86.79,3579,387,-0.0004776639398187399,0.014021985,0.2,59.537147521972656,2349,32.096920013427734,109.68377113342285,0.07999999076128006,0.1796875,0.0001,0.9545629024505615
222,2629632,217.92581960291264,89.29,3578,388,0.008874908555299044,0.01589603,0.2,28.839130401611328,2350,32.096920013427734,95.00179767608643,0.07999999076128006,0.1865234375,0.0001,0.9435986876487732
222,2631680,220.45061238560163,90.69,3578,389,0.008097442612051965,0.017113963,0.2,21.69085121154785,2351,32.096920013427734,45.14205627441406,0.07999999076128006,0.2171875,0.0001,0.9799593091011047
223,2633728,222.43743884697284,91.48,3577,390,0.013770274817943573,0.02562447,0.2,53.471500396728516,2352,32.096920013427734,89.7848129272461,0.07999999076128006,0.2669270833333333,0.0001,0.9610425233840942
223,2635776,216.87273236402126,88.87,3577,391,0.013850596267729998,0.021300998,0.2,69.27849578857422,2353,32.096920013427734,106.06772232055664,0.07999999076128006,0.2763671875,0.0001,0.9569085240364075
224,2637824,214.73182825912824,87.84,3576,392,-0.001176902325823903,0.019636774,0.2,153.5491180419922,2354,32.096920013427734,334.6463851928711,0.07999999076128006,0.21484375,0.0001,0.884286642074585
225,2639872,209.64543273037688,85.43,3576,393,0.013004031032323837,0.01981575,0.2,31.915645599365234,2355,32.096920013427734,92.35773658752441,0.07999999076128006,0.2548828125,0.0001,0.9511020183563232
225,2641920,210.92529318425036,85.93,3576,394,-0.004122097045183182,0.015186413,0.2,96.2479248046875,2356,32.096920013427734,141.29264068603516,0.07999999076128006,0.19921875,0.0001,0.9375100135803223
226,2643968,219.14933510444178,89.28,3575,395,0.01364918751642108,0.016881816,0.2,54.586883544921875,2357,32.096920013427734,95.59051132202148,0.07999999076128006,0.232421875,0.0001,0.960735023021698
226,2646016,220.24721306836207,89.56,3574,396,0.008786356542259455,0.019499019,0.2,38.59794616699219,2358,32.096920013427734,102.45314407348633,0.07999999076128006,0.2255859375,0.0001,0.955976665019989
227,2648064,225.11498311961725,91.46,3574,397,0.012070252560079098,0.019495938,0.2,39.734500885009766,2359,32.096920013427734,114.57450675964355,0.07999999076128006,0.2216796875,0.0001,0.9434235095977783
228,2650112,225.95567948545693,91.83,3574,398,0.01774059435618775,0.01933823,0.2,28.613771438598633,2360,32.096920013427734,75.05002430507115,0.07999999076128006,0.2700892857142857,0.0001,0.9685192108154297
228,2652160,220.82911399337522,89.79,3573,399,0.015593825606629252,0.016262736,0.2,56.74774932861328,2361,32.096920013427734,89.15561866760254,0.07999999076128006,0.2158203125,0.0001,0.9680927395820618
229,2654208,223.00621180225215,90.58,3573,400,0.012355561057726542,0.015618022,0.2,18.576772689819336,2362,32.096920013427734,36.98064359029134,0.07999999076128006,0.18489583333333334,0.0001,0.980713427066803
229,2656256,222.122672757214,90.5,3572,401,0.021503676660358906,0.02497325,0.2,25.22226333618164,2363,32.096920013427734,46.86866124471029,0.07999999076128006,0.2565104166666667,0.0001,0.975601315498352
230,2658304,218.623322252537,88.96,3572,402,0.012763734286030134,0.020001655,0.2,25.810861587524414,2364,32.096920013427734,41.791544596354164,0.07999999076128006,0.2682291666666667,0.0001,0.9822238683700562
231,2660352,220.01984752858684,89.23,3572,403,0.0007567685097455978,0.013745733,0.2,67.6518325805664,2365,32.096920013427734,136.46761830647787,0.07999999076128006,0.19010416666666666,0.0001,0.9358288049697876
231,2662400,218.48328828832632,88.55,3571,404,0.00452890747692436,0.02114288,0.2,56.642616271972656,2366,32.096920013427734,108.42868232727051,0.07999999076128006,0.2470703125,0.0001,0.9603392481803894
232,2664448,220.05803294947185,89.37,3571,405,0.006435367278754711,0.013750871,0.2,80.07511138916016,2367,32.096920013427734,131.69478034973145,0.07999999076128006,0.1884765625,0.0001,0.9373878836631775
232,2666496,222.27920166458793,90.49,3571,406,0.006422598070154588,0.020113334,0.2,19.7252254486084,2368,32.096920013427734,42.92475509643555,0.07999999076128006,0.2421875,0.0001,0.9782164096832275
233,2668544,219.19607757968672,89.37,3570,407,0.006329992786049843,0.016145444,0.2,79.07991790771484,2369,32.096920013427734,122.85144297281902,0.07999999076128006,0.2265625,0.0001,0.9398652911186218
234,2670592,221.3955825077225,90.16,3570,408,0.009175316120187441,0.020977424,0.2,26.803478240966797,2370,32.096920013427734,75.16494242350261,0.07999999076128006,0.2421875,0.0001,0.9722743630409241
234,2672640,224.4514190185168,91.64,3570,409,0.007389581296592951,0.012649961,0.2,32.8681755065918,2371,32.096920013427734,59.755845387776695,0.07999999076128006,0.16927083333333334,0.0001,0.9758886098861694
235,2674688,227.78616322862973,92.69,3569,410,0.01100172521546483,0.01340404,0.2,27.750276565551758,2372,32.096920013427734,68.34451484680176,0.07999999076128006,0.166015625,0.0001,0.9620912671089172
235,2676736,227.18955267259918,92.41,3569,411,0.009296443779021502,0.017689468,0.2,35.840877532958984,2373,32.096920013427734,64.0954475402832,0.07999999076128006,0.21484375,0.0001,0.9736491441726685
236,2678784,224.43775754820962,91.12,3569,412,0.013921359553933144,0.017720157,0.2,19.65575408935547,2374,32.096920013427734,38.4161745707194,0.07999999076128006,0.23046875,0.0001,0.9862362146377563
237,2680832,221.5305802465711,89.89,3568,413,0.010506367000440756,0.017174061,0.2,32.9804573059082,2375,32.096920013427734,63.603921254475914,0.07999999076128006,0.22786458333333334,0.0001,0.9651719927787781
237,2682880,215.97363419112614,87.67,3568,414,0.012959657857815424,0.021966813,0.2,31.526405334472656,2376,32.096920013427734,51.70810763041178,0.07999999076128006,0.2630208333333333,0.0001,0.9816396236419678
238,2684928,219.46475935932813,89.01,3567,415,0.0131602818146348,0.020875715,0.2,46.97976303100586,2377,32.096920013427734,68.66122690836589,0.07999999076128006,0.23567708333333334,0.0001,0.969322681427002
238,2686976,225.55745241713157,91.44,3567,416,0.010040799776713053,0.015243041,0.2,28.76949119567871,2378,32.096920013427734,65.07090504964192,0.07999999076128006,0.1875,0.0001,0.9737755060195923
239,2689024,228.2413227890142,92.77,3566,417,0.02134632132947445,0.021227162,0.2,27.325895309448242,2379,32.096920013427734,51.157304763793945,0.07999999076128006,0.2451171875,0.0001,0.9793999195098877
240,2691072,230.8649476306938,93.62,3564,418,0.017314666387392208,0.01666359,0.2,22.603910446166992,2380,32.096920013427734,54.35201072692871,0.07999999076128006,0.251953125,0.0001,0.9804490804672241
240,2693120,237.047193661836,96.22,3563,419,0.011309269194801649,0.015201966,0.2,79.38392639160156,2381,32.096920013427734,125.1564432779948,0.07999999076128006,0.19921875,0.0001,0.955073356628418
241,2695168,235.96267755697644,95.67,3563,420,0.020464348917206127,0.03553876,0.2,18.813081741333008,2382,32.096920013427734,43.46833928426107,0.07999999076128006,0.3294270833333333,0.0001,0.9831145405769348
241,2697216,235.92932652435215,95.64,3563,421,0.014370699102679888,0.017205732,0.2,24.891551971435547,2383,32.096920013427734,47.80141067504883,0.07999999076128006,0.23046875,0.0001,0.9829590320587158
242,2699264,237.9402170665373,96.43,3562,422,0.013327274781962236,0.016570074,0.2,32.527137756347656,2384,32.096920013427734,63.262088775634766,0.07999999076128006,0.22265625,0.0001,0.9778557419776917
243,2701312,236.7923676006795,95.81,3562,423,0.018705531489104033,0.02085673,0.2,14.070954322814941,2385,32.096920013427734,31.33235788345337,0.07999999076128006,0.25,0.0001,0.9878944754600525
243,2703360,234.57920059103392,94.92,3561,424,0.005370792746543884,0.017805476,0.2,17.192771911621094,2386,32.096920013427734,31.700193786621092,0.07999999076128006,0.25390625,0.0001,0.9889264106750488
244,2705408,238.71663846153774,96.5,3561,425,-0.000877763299892346,0.012617654,0.2,27.829666137695312,2387,32.096920013427734,67.97048950195312,0.07999999076128006,0.15494791666666666,0.0001,0.9698277115821838
244,2707456,235.41519932766576,95.24,3561,426,0.016351978294551373,0.016550153,0.2,17.309730529785156,2388,32.096920013427734,32.98420715332031,0.07999999076128006,0.21875,0.0001,0.9881685376167297
245,2709504,231.02614567637832,93.43,3560,427,0.02167639695107937,0.029059887,0.2,16.523805618286133,2389,32.096920013427734,33.62567011515299,0.07999999076128006,0.3177083333333333,0.0001,0.9879805445671082
246,2711552,231.66270013226415,93.58,3560,428,0.010994387790560722,0.013178333,0.2,32.907352447509766,2390,32.096920013427734,98.5045674641927,0.07999999076128006,0.19140625,0.0001,0.9514095783233643
246,2713600,231.01329765221865,93.31,3560,429,0.03571559737126032,0.045620803,0.2,26.803232192993164,2391,32.096920013427734,57.93900934855143,0.07999999076128006,0.3255208333333333,0.0001,0.9730334877967834
247,2715648,230.15471770377823,92.82,3559,430,0.010526392298440138,0.020208636,0.2,22.91338348388672,2392,32.096920013427734,37.409645080566406,0.07999999076128006,0.2630208333333333,0.0001,0.9843599796295166
248,2717696,230.5992659434545,93.03,3559,431,0.008499412176509699,0.02064597,0.2,24.140640258789062,2393,32.096920013427734,41.77075703938802,0.07999999076128006,0.23567708333333334,0.0001,0.9843231439590454
248,2719744,231.38598812917115,93.35,3558,432,0.018300874158740044,0.026854185,0.2,17.426742553710938,2394,32.096920013427734,33.706433614095054,0.07999999076128006,0.2799479166666667,0.0001,0.9873170852661133
249,2721792,232.41736129623783,93.84,3558,433,0.02197620024283727,0.019324245,0.2,19.878694534301758,2395,32.096920013427734,34.82667922973633,0.07999999076128006,0.2630208333333333,0.0001,0.9873080849647522
249,2723840,230.93468989287337,93.3,3558,434,0.008835133786002794,0.027767008,0.2,14.732206344604492,2396,32.096920013427734,36.56378300984701,0.07999999076128006,0.2890625,0.0001,0.9869701266288757
250,2725888,230.4184978959316,93.19,3557,435,0.031050697589914005,0.023354696,0.2,24.29250144958496,2397,32.096920013427734,45.22475941975912,0.07999999076128006,0.26171875,0.0001,0.9801755547523499
251,2727936,229.76231228324602,93.0,3556,436,0.014876731360952059,0.019302545,0.2,16.230592727661133,2398,32.096920013427734,31.081044514973957,0.07999999076128006,0.23567708333333334,0.0001,0.9884113073348999
251,2729984,226.39713013106135,91.76,3556,437,0.012589944526553154,0.027152734,0.2,34.17620849609375,2399,32.096920013427734,50.97565205891927,0.07999999076128006,0.265625,0.0001,0.9791213870048523
252,2732032,225.71400750192646,91.43,3554,438,0.011973313987255096,0.020387493,0.2,52.90132522583008,2400,32.096920013427734,77.66848468780518,0.07999999076128006,0.2490234375,0.0001,0.9687606692314148
253,2734080,226.1634731815823,91.48,3553,439,0.016146683716215193,0.026565585,0.2,31.269336700439453,2401,32.096920013427734,65.62516975402832,0.07999999076128006,0.259765625,0.0001,0.976109504699707
253,2736128,228.4307791420286,92.17,3552,440,0.01043356458346049,0.02335052,0.2,19.758798599243164,2402,32.096920013427734,38.17688878377279,0.07999999076128006,0.265625,0.0001,0.9869149923324585
254,2738176,228.146747488315,92.13,3551,441,0.02224749481926362,0.016814867,0.2,13.7721586227417,2403,32.096920013427734,28.77082888285319,0.07999999076128006,0.22395833333333334,0.0001,0.9900819659233093
254,2740224,236.60881329479022,95.42,3551,442,0.01836201688274741,0.017307231,0.2,41.20547866821289,2404,32.096920013427734,70.0187873840332,0.07999999076128006,0.2060546875,0.0001,0.9729195833206177
255,2742272,236.16419305910765,95.2,3551,443,0.011485564522445202,0.014433634,0.2,18.7305965423584,2405,32.096920013427734,42.84846591949463,0.07999999076128006,0.185546875,0.0001,0.9851884245872498
256,2744320,238.96060522422783,96.27,3551,444,0.014007018180564046,0.01418717,0.2,93.87338256835938,2406,32.096920013427734,118.24159812927246,0.07999999076128006,0.19921875,0.0001,0.9596605896949768
256,2746368,239.77382905760433,96.72,3550,445,0.010284966478745142,0.01721587,0.2,25.655330657958984,2407,32.096920013427734,66.84065755208333,0.07999999076128006,0.234375,0.0001,0.9774163365364075
257,2748416,243.57520322855893,98.2,3550,446,0.0016861730255186558,0.015570074,0.2,34.107383728027344,2408,32.096920013427734,71.2135721842448,0.07999999076128006,0.20963541666666666,0.0001,0.9774771928787231
257,2750464,241.21211675195823,97.29,3550,447,0.010086400667205453,0.018595137,0.2,64.02816009521484,2409,32.096920013427734,104.2015609741211,0.07999999076128006,0.2314453125,0.0001,0.9600070714950562
258,2752512,243.70875858578248,98.41,3549,448,0.005948337540030479,0.015086791,0.2,59.622642517089844,2410,32.096920013427734,134.57437896728516,0.07999999076128006,0.21171875,0.0001,0.9476248025894165
259,2754560,246.15693933927014,99.39,3549,449,0.01176419435068965,0.01719499,0.2,33.90851974487305,2411,32.096920013427734,86.6726671854655,0.07999999076128006,0.21940104166666666,0.0001,0.9710003137588501
259,2756608,247.85289562144763,99.99,3549,450,0.014227267687341996,0.016357431,0.2,30.191761016845703,2412,32.096920013427734,61.05177743094308,0.07999999076128006,0.23102678571428573,0.0001,0.9765512347221375
260,2758656,248.8254515922823,100.37,3549,451,0.011151054607970374,0.021627802,0.2,40.64628219604492,2413,32.096920013427734,93.52804020472935,0.07999999076128006,0.28683035714285715,0.0001,0.9637992978096008
260,2760704,251.33456962777365,101.36,3549,452,0.012414369421700636,0.013719633,0.2,21.215045928955078,2414,32.096920013427734,59.91773223876953,0.07999999076128006,0.18489583333333334,0.0001,0.9793936610221863
261,2762752,248.6250293059302,100.29,3549,453,0.014236364513635635,0.019810168,0.2,47.955387115478516,2415,32.096920013427734,101.14695358276367,0.07999999076128006,0.2470703125,0.0001,0.9637293815612793
261,2764800,246.81356529320175,99.55,3548,454,0.003356852801516652,0.01637215,0.2,53.41706848144531,2416,32.096920013427734,128.46409797668457,0.07999999076128006,0.2001953125,0.0001,0.9564796686172485
262,2766848,248.95294994238571,100.22,3548,455,0.003599492833018303,0.021775618,0.2,78.6069107055664,2417,32.096920013427734,144.56287384033203,0.07999999076128006,0.2509765625,0.0001,0.9468978643417358
263,2768896,245.87639367403008,98.97,3548,456,0.00411183456890285,0.017640952,0.2,49.32722854614258,2418,32.096920013427734,91.02069091796875,0.07999999076128006,0.2294921875,0.0001,0.9679403305053711
263,2770944,247.67710602729937,99.7,3547,457,0.00870747429629167,0.014118581,0.2,27.619915008544922,2419,32.096920013427734,76.24826685587566,0.07999999076128006,0.19661458333333334,0.0001,0.9742774367332458
264,2772992,245.58556842118742,98.88,3546,458,-0.00197552889585495,0.020471578,0.2,33.948486328125,2420,32.096920013427734,58.80919901529948,0.07999999076128006,0.22916666666666666,0.0001,0.9785023331642151
265,2775040,246.15945323380697,99.08,3546,459,0.013798704991738001,0.014549653,0.2,45.762393951416016,2421,32.096920013427734,110.11618550618489,0.07999999076128006,0.2109375,0.0001,0.9590656161308289
265,2777088,245.5971367470915,99.05,3545,460,0.012083419132977724,0.016949382,0.2,37.65403747558594,2422,32.096920013427734,103.4310131072998,0.07999999076128006,0.2216796875,0.0001,0.963413417339325
266,2779136,244.70374590486196,98.65,3545,461,0.002391879136363665,0.011965543,0.2,32.62504959106445,2423,32.096920013427734,62.719861348470054,0.07999999076128006,0.15494791666666666,0.0001,0.9767075777053833
266,2781184,244.15805381362577,98.33,3545,462,0.013630723270277182,0.015266552,0.2,33.69070816040039,2424,32.096920013427734,68.20033518473308,0.07999999076128006,0.22395833333333334,0.0001,0.9695226550102234
267,2783232,245.41331631444052,98.93,3545,463,0.014227633674939474,0.023622738,0.2,21.956571578979492,2425,32.096920013427734,47.85208002726237,0.07999999076128006,0.26171875,0.0001,0.9846194386482239
268,2785280,250.04461764954812,100.64,3545,464,0.022756624035537243,0.021698784,0.2,38.949893951416016,2426,32.096920013427734,82.53150939941406,0.07999999076128006,0.2568359375,0.0001,0.9634271264076233
268,2787328,248.8036359577202,100.04,3544,465,0.007334055472165346,0.017856896,0.2,21.490318298339844,2427,32.096920013427734,46.01165771484375,0.07999999076128006,0.22109375,0.0001,0.9837356805801392
269,2789376,248.46063475931464,99.91,3544,466,0.0224079096224159,0.0187703,0.2,31.13395118713379,2428,32.096920013427734,94.06638526916504,0.07999999076128006,0.2392578125,0.0001,0.9688911437988281
269,2791424,251.50189137624216,101.02,3544,467,0.01908021210692823,0.017613387,0.2,25.454776763916016,2429,32.096920013427734,51.24647235870361,0.07999999076128006,0.189453125,0.0001,0.9789834022521973
270,2793472,251.52623188841454,100.97,3543,468,0.011652948334813118,0.016633263,0.2,21.9804744720459,2430,32.096920013427734,44.061516761779785,0.07999999076128006,0.2060546875,0.0001,0.9877409338951111
271,2795520,252.5256427979476,101.31,3543,469,0.008111464604735375,0.018752676,0.2,37.64095687866211,2431,32.096920013427734,64.86190795898438,0.07999999076128006,0.23671875,0.0001,0.9734070897102356
271,2797568,252.5318557292928,101.34,3543,470,0.013461444216469923,0.02359871,0.2,22.25580596923828,2432,32.096920013427734,49.85852177937826,0.07999999076128006,0.2903645833333333,0.0001,0.9821059703826904
272,2799616,253.6862331244473,101.69,3543,471,0.011912470683455467,0.017284058,0.2,25.434234619140625,2433,32.096920013427734,44.503561655680336,0.07999999076128006,0.23046875,0.0001,0.9875616431236267
272,2801664,251.35522396976705,100.59,3543,472,0.018086114898324013,0.020074125,0.2,27.716564178466797,2434,32.096920013427734,56.60666370391846,0.07999999076128006,0.23828125,0.0001,0.980394184589386
273,2803712,249.55467966151795,99.99,3542,473,0.01822503935545683,0.019007202,0.2,27.75282096862793,2435,32.096920013427734,55.227517700195314,0.07999999076128006,0.26328125,0.0001,0.9826723337173462
274,2805760,247.06819076219662,99.1,3542,474,0.014144152635708451,0.01617527,0.2,25.988142013549805,2436,32.096920013427734,47.5775089263916,0.07999999076128006,0.19921875,0.0001,0.983817458152771
274,2807808,250.62796508765916,100.3,3542,475,0.02168249540651838,0.028280064,0.2,28.977453231811523,2437,32.096920013427734,57.69819895426432,0.07999999076128006,0.2916666666666667,0.0001,0.9809869527816772
275,2809856,247.300318030152,99.2,3542,476,0.006312569021247327,0.017715229,0.2,19.416471481323242,2438,32.096920013427734,45.820587158203125,0.07999999076128006,0.2255859375,0.0001,0.9853823781013489
275,2811904,248.22027714398234,99.65,3542,477,0.011670167092233896,0.018882494,0.2,30.21796989440918,2439,32.096920013427734,70.57957553863525,0.07999999076128006,0.2490234375,0.0001,0.9727405905723572
276,2813952,250.95575052584502,100.65,3542,478,0.008453462645411492,0.014595377,0.2,26.601606369018555,2440,32.096920013427734,55.026641845703125,0.07999999076128006,0.18828125,0.0001,0.9827412962913513
276,2816000,250.9046798665295,100.61,3542,479,0.003025448614997523,0.013393086,0.2,27.59770393371582,2441,32.096920013427734,63.67039271763393,0.07999999076128006,0.18024553571428573,0.0001,0.9803934097290039
277,2818048,250.207508294803,100.5,3541,480,0.011186961872646442,0.02165613,0.2,39.01039123535156,2443,32.096920013427734,79.48537797194261,0.07999999076128006,0.23587740384615385,0.0001,0.9666949510574341
278,2820096,251.99176011416617,101.19,3541,481,0.010580251459032297,0.01747721,0.2,30.634004592895508,2444,32.096920013427734,61.67596626281738,0.07999999076128006,0.2197265625,0.0001,0.979438066482544
278,2822144,247.1250070276087,99.51,3541,482,0.008896815280119577,0.017830571,0.2,25.550079345703125,2445,32.096920013427734,45.95709482828776,0.07999999076128006,0.24674479166666666,0.0001,0.9845723509788513
279,2824192,249.4289752797088,100.44,3541,483,0.007938851912816366,0.014934768,0.2,25.191675186157227,2446,32.096920013427734,50.32300567626953,0.07999999076128006,0.18489583333333334,0.0001,0.9805846810340881
279,2826240,252.6566899696384,101.55,3541,484,0.012523628771305084,0.018672494,0.2,34.87636184692383,2447,32.096920013427734,59.902975718180336,0.07999999076128006,0.20963541666666666,0.0001,0.9805397987365723
280,2828288,248.684582406766,100.19,3541,485,0.0037002041935920715,0.013317474,0.2,23.9829158782959,2448,32.096920013427734,45.901625315348305,0.07999999076128006,0.16927083333333334,0.0001,0.983975350856781
281,2830336,249.97320719651054,100.49,3541,486,0.015197645562390486,0.017852372,0.2,20.835023880004883,2449,32.096920013427734,51.78894297281901,0.07999999076128006,0.23177083333333334,0.0001,0.9799609780311584
281,2832384,252.03510532929124,101.27,3541,487,0.016819140563408535,0.021220053,0.2,27.369667053222656,2450,32.096920013427734,56.96891530354818,0.07999999076128006,0.24609375,0.0001,0.9805046916007996
282,2834432,250.65999544096175,100.72,3541,488,0.015347969407836596,0.017251356,0.2,31.909212112426758,2451,32.096920013427734,64.3654556274414,0.07999999076128006,0.20703125,0.0001,0.9750925898551941
282,2836480,249.27524622122235,100.39,3540,489,0.01737843096877138,0.02042283,0.2,26.734176635742188,2452,32.096920013427734,51.65976333618164,0.07999999076128006,0.22916666666666666,0.0001,0.9827389717102051
283,2838528,250.87208726588722,101.07,3540,490,0.01334289787337184,0.016877973,0.2,25.551876068115234,2453,32.096920013427734,53.85190010070801,0.07999999076128006,0.2255859375,0.0001,0.9802000522613525
284,2840576,245.77261571907133,99.36,3540,491,0.017277872713748366,0.016311582,0.2,17.62325668334961,2454,32.096920013427734,39.66067361831665,0.07999999076128006,0.22607421875,0.0001,0.9851499795913696
284,2842624,244.16603035175484,98.85,3540,492,0.009544756496325135,0.028177362,0.2,25.261686325073242,2456,32.096920013427734,42.622074127197266,0.07999999076128006,0.2815755208333333,0.0001,0.9858540892601013
285,2844672,245.08997027351404,99.19,3540,493,0.01188580860168888,0.026466087,0.2,26.8446044921875,2458,32.096920013427734,60.56952520517203,0.07999999076128006,0.2917668269230769,0.0001,0.9768531918525696
285,2846720,246.55590299184342,99.74,3540,494,0.00983472540974617,0.014303112,0.2,34.40544509887695,2459,32.096920013427734,61.38657569885254,0.07999999076128006,0.2080078125,0.0001,0.9797037839889526
286,2848768,249.42841285953,100.69,3540,495,0.002050152669350306,0.014816445,0.2,28.147220611572266,2460,32.096920013427734,55.30999628702799,0.07999999076128006,0.22395833333333334,0.0001,0.9820152521133423
286,2850816,253.89673522046436,102.16,3539,496,-0.0029481599728266397,0.014795932,0.2,49.015132904052734,2461,32.096920013427734,106.44541931152344,0.07999999076128006,0.1796875,0.0001,0.9548457860946655
287,2852864,248.43669801510313,99.93,3539,497,0.013331097085028887,0.021713829,0.2,30.88373374938965,2462,32.096920013427734,63.99113845825195,0.07999999076128006,0.248046875,0.0001,0.9741918444633484
288,2854912,250.9030153589659,100.89,3539,498,0.006703522056341171,0.015310161,0.2,73.83612060546875,2463,32.096920013427734,137.86092224121094,0.07999999076128006,0.22265625,0.0001,0.9549384117126465
288,2856960,246.58952571149365,99.32,3539,499,0.01566573535092175,0.022085298,0.2,29.15777015686035,2464,32.096920013427734,59.65401077270508,0.07999999076128006,0.2568359375,0.0001,0.9780303239822388
289,2859008,245.00330877193213,98.71,3539,500,0.014541768468916416,0.021367237,0.2,25.719385147094727,2465,32.096920013427734,49.48728656768799,0.07999999076128006,0.2744140625,0.0001,0.9833844900131226
289,2861056,247.06519556803104,99.64,3539,501,0.01829288403193156,0.015662273,0.2,39.82844924926758,2466,32.096920013427734,84.48066711425781,0.07999999076128006,0.2109375,0.0001,0.969469428062439
290,2863104,249.82405374679988,100.88,3539,502,0.003125777584500611,0.017042845,0.2,35.53178405761719,2467,32.096920013427734,60.80268478393555,0.07999999076128006,0.212890625,0.0001,0.9786613583564758
291,2865152,250.48424122172452,101.18,3539,503,0.0123166274279356,0.030166715,0.2,39.67283248901367,2469,32.096920013427734,73.13902240329318,0.07999999076128006,0.2673611111111111,0.0001,0.9755898118019104
291,2867200,251.2100557206529,101.5,3539,504,0.0036227437667548656,0.01340773,0.2,26.838727951049805,2470,32.096920013427734,62.03662872314453,0.07999999076128006,0.181640625,0.0001,0.9763801097869873
292,2869248,250.75825719561198,101.53,3539,505,0.01284296065568924,0.015837833,0.2,29.47484016418457,2471,32.096920013427734,61.73895454406738,0.07999999076128006,0.1865234375,0.0001,0.9762932062149048
292,2871296,246.3298540834499,99.94,3538,506,0.019613112322986126,0.03334573,0.2,20.04530906677246,2472,32.096920013427734,41.839176177978516,0.07999999076128006,0.2958984375,0.0001,0.9874598383903503
293,2873344,247.3203704756628,100.27,3538,507,0.022146491644283135,0.028956324,0.2,33.463871002197266,2473,32.096920013427734,77.66550191243489,0.07999999076128006,0.3033854166666667,0.0001,0.9700009226799011
293,2875392,241.5484328903598,98.05,3538,508,0.008728927001357079,0.013094545,0.2,26.595937728881836,2474,32.096920013427734,55.212669372558594,0.07999999076128006,0.17057291666666666,0.0001,0.9834004640579224
294,2877440,239.53804283726402,97.21,3538,509,0.011664514429867268,0.017177045,0.2,24.88450813293457,2475,32.096920013427734,52.57573318481445,0.07999999076128006,0.216796875,0.0001,0.9834110140800476
295,2879488,240.74131529605918,97.46,3538,510,0.0025702372658997774,0.013304828,0.2,32.80758285522461,2476,32.096920013427734,63.296963691711426,0.07999999076128006,0.1748046875,0.0001,0.977776288986206
295,2881536,242.86424340318936,98.11,3538,511,0.020320337498560548,0.019725442,0.2,29.037939071655273,2477,32.096920013427734,59.481627464294434,0.07999999076128006,0.26904296875,0.0001,0.9760255813598633
296,2883584,241.85911586892257,97.6,3538,512,0.006370730139315129,0.01550208,0.2,28.593477249145508,2478,32.096920013427734,57.448787689208984,0.07999999076128006,0.2015625,0.0001,0.9826992750167847
