time/total_timesteps,time/time_elapsed,rollout/ep_rew_mean,time/iterations,rollout/ep_len_mean,time/fps,train/std,train/clip_fraction,train/policy_gradient_loss,train/approx_kl,train/explained_variance,train/n_updates,train/clip_range,train/value_loss,train/entropy_loss,train/loss,train/learning_rate
526336,0,322.920498519063,1,126.19,4436,,,,,,,,,,,
528384,1,315.85704780546644,2,123.51,4054,0.3909260630607605,0.26279296875,-0.04752214554464444,0.027688043,0.8435303568840027,1285,0.2,348.5200965881348,-13.876835131645203,174.2058868408203,0.0003
530432,1,322.8579218092105,3,125.02,3852,0.39099767804145813,0.2609375,-0.047765989485196766,0.031293605,0.924697756767273,1290,0.2,250.85536155700683,-13.885508060455322,143.8766326904297,0.0003
532480,2,320.010093930383,4,123.93,3868,0.3911356031894684,0.255078125,-0.04459429767448455,0.03076357,0.9188515543937683,1295,0.2,223.5968780517578,-13.8935555934906,81.41104125976562,0.0003
534528,2,328.3124216572803,5,126.48,3886,0.3910829722881317,0.28017578125,-0.047289183270186184,0.03135776,0.9171814322471619,1300,0.2,267.82822647094724,-13.895548677444458,128.13377380371094,0.0003
536576,3,325.04653695596636,6,125.62,3903,0.39115408062934875,0.2623046875,-0.04601318403147161,0.029146265,0.926373302936554,1305,0.2,280.540735244751,-13.896456837654114,114.99190521240234,0.0003
538624,3,322.6435305005309,7,124.93,3912,0.39122626185417175,0.252734375,-0.044469642289914194,0.025400957,0.896528422832489,1310,0.2,335.13321952819825,-13.901234984397888,130.6284637451172,0.0003
540672,4,343.84843500942327,8,131.62,3911,0.3910483717918396,0.2685546875,-0.04388828435912728,0.028319843,0.8926304578781128,1315,0.2,328.4238788604736,-13.899336099624634,136.1145782470703,0.0003
542720,4,330.39043974106033,9,127.29,3917,0.391193151473999,0.255078125,-0.04621237092651427,0.02598691,0.8996131420135498,1320,0.2,314.82884674072267,-13.89589602947235,119.32845306396484,0.0003
544768,5,340.03604086416215,10,130.46,3907,0.3912481665611267,0.26796875,-0.04442409570328891,0.027468298,0.9345603585243225,1325,0.2,270.451021194458,-13.904114484786987,129.5099334716797,0.0003
546816,5,332.38075280920185,11,127.91,3908,0.3915152847766876,0.314453125,-0.046547521371394396,0.03459435,0.9267064332962036,1330,0.2,225.66976661682128,-13.91527280807495,108.20620727539062,0.0003
548864,6,337.67567705735763,12,129.39,3907,0.39178526401519775,0.23515625,-0.03940799558768049,0.025741108,0.9257984757423401,1335,0.2,263.27272453308103,-13.936148357391357,118.35907745361328,0.0003
550912,6,327.91338819699894,13,126.37,3907,0.39193448424339294,0.28046875,-0.045611546165309845,0.0313529,0.935707688331604,1340,0.2,228.815588760376,-13.953085923194886,126.71589660644531,0.0003
552960,7,326.54417162745426,14,126.07,3907,0.3920365571975708,0.29404296875,-0.04794163620099425,0.034204148,0.9452229738235474,1345,0.2,244.08285827636718,-13.961778378486633,101.14387512207031,0.0003
555008,7,333.38055702706174,15,128.3,3911,0.3921836018562317,0.3302734375,-0.04146707965992391,0.03827793,0.9403012990951538,1350,0.2,185.9229465484619,-13.969606757164001,67.58952331542969,0.0003
557056,8,331.284431502993,16,127.51,3910,0.3923656642436981,0.283203125,-0.04446418911684304,0.028973678,0.8772375583648682,1355,0.2,332.9849941253662,-13.980420923233032,176.3944854736328,0.0003
559104,8,330.82162577443756,17,127.18,3913,0.3923473358154297,0.2484375,-0.04209135209093802,0.029174237,0.8834769129753113,1360,0.2,343.6708553314209,-13.988834571838378,142.05287170410156,0.0003
561152,9,329.19386961064555,18,126.88,3912,0.3923196494579315,0.294140625,-0.0446050186175853,0.027967978,0.9375820755958557,1365,0.2,248.9746799468994,-13.985258269309998,111.08332061767578,0.0003
563200,9,333.5568052287028,19,128.17,3910,0.3923567533493042,0.2484375,-0.04447198399575427,0.026920093,0.9071983098983765,1370,0.2,331.9395095825195,-13.98675615787506,150.09896850585938,0.0003
565248,10,331.4250270054412,20,127.76,3907,0.39238637685775757,0.2685546875,-0.04464327731402591,0.029486569,0.9158903360366821,1375,0.2,314.5417407989502,-13.988230729103089,138.6566619873047,0.0003
567296,11,330.9103864580457,21,127.68,3903,0.39243000745773315,0.28330078125,-0.04407695685513317,0.033259135,0.9247463345527649,1380,0.2,323.0115634918213,-13.991297149658203,164.37620544433594,0.0003
569344,11,334.9157208011005,22,128.94,3895,0.39258140325546265,0.26767578125,-0.04190126943867654,0.03016564,0.8994138836860657,1385,0.2,320.1786682128906,-13.998328638076782,138.27752685546875,0.0003
571392,12,335.3533563642238,23,129.07,3892,0.3926507830619812,0.28818359375,-0.04634329441469163,0.032343145,0.9044597148895264,1390,0.2,300.9380222320557,-14.007376790046692,155.21730041503906,0.0003
573440,12,338.6084173015181,24,130.12,3892,0.39282462000846863,0.28447265625,-0.043831002851948145,0.036369205,0.9312582612037659,1395,0.2,199.39208984375,-14.01344268321991,71.8403091430664,0.0003
575488,13,346.8874543989888,25,132.61,3893,0.39325669407844543,0.3466796875,-0.04726758964825421,0.036277972,0.9177576303482056,1400,0.2,205.68937702178954,-14.034798526763916,55.400657653808594,0.0003
577536,13,346.8176146712176,26,132.35,3893,0.39349329471588135,0.33798828125,-0.0473206014605239,0.036336057,0.8960230946540833,1405,0.2,243.95797958374024,-14.063423132896423,120.49193572998047,0.0003
579584,14,350.66199050210975,27,133.47,3894,0.3935660719871521,0.3033203125,-0.04245743481442332,0.040070914,0.9405379891395569,1410,0.2,190.25010452270507,-14.073265147209167,76.01165008544922,0.0003
581632,14,357.2027461344551,28,136.21,3885,0.3937862515449524,0.2841796875,-0.043664093525148925,0.028862447,0.9213628768920898,1415,0.2,245.32633209228516,-14.084599924087524,124.6766357421875,0.0003
583680,15,354.6713757673635,29,135.7,3884,0.3939535915851593,0.28173828125,-0.04281642972491682,0.029525753,0.8977504372596741,1420,0.2,262.3326042175293,-14.097642374038696,125.20076751708984,0.0003
585728,15,356.8004476800532,30,136.34,3885,0.3938477039337158,0.30224609375,-0.04514909964054823,0.036319815,0.9288660883903503,1425,0.2,221.5223903656006,-14.09938316345215,87.42388916015625,0.0003
587776,16,358.06643044192356,31,137.22,3886,0.39391157031059265,0.3013671875,-0.043710201082285495,0.0382168,0.9278879165649414,1430,0.2,220.20898361206054,-14.094841051101685,105.82476806640625,0.0003
589824,16,359.5008923869467,32,137.92,3888,0.39419418573379517,0.37109375,-0.04607861128170043,0.05383468,0.9197771549224854,1435,0.2,157.50746631622314,-14.107640910148621,55.15690612792969,0.0003
591872,17,363.8834587867982,33,139.33,3888,0.39441734552383423,0.38857421875,-0.03937366436584853,0.042912856,0.9015099406242371,1440,0.2,210.2814868927002,-14.127489590644837,107.51130676269531,0.0003
593920,17,360.6107634713156,34,138.2,3890,0.39451485872268677,0.31279296875,-0.042763393046334384,0.030135054,0.9013798236846924,1445,0.2,297.3866241455078,-14.141028666496277,168.77926635742188,0.0003
595968,18,360.8686362190131,35,138.11,3890,0.3947020471096039,0.2443359375,-0.042130642861593515,0.026261047,0.9004993438720703,1450,0.2,371.2763256072998,-14.150462293624878,249.13348388671875,0.0003
598016,18,364.94773342549337,36,139.35,3891,0.3949822783470154,0.26962890625,-0.0410060258815065,0.025912499,0.8677316308021545,1455,0.2,339.0603595733643,-14.167999601364135,137.62265014648438,0.0003
600064,19,368.6057306184967,37,140.68,3891,0.39494314789772034,0.22060546875,-0.040685154823586346,0.02568465,0.8891050219535828,1460,0.2,294.5231819152832,-14.177578377723695,76.47119140625,0.0003
602112,20,359.788835626378,38,137.7,3890,0.3948954641819,0.273828125,-0.0447496902779676,0.030162238,0.9110808968544006,1465,0.2,366.9939765930176,-14.17192234992981,143.795654296875,0.0003
604160,20,357.3259200518855,39,136.93,3892,0.3949998915195465,0.29111328125,-0.042999042221345006,0.033457566,0.9235121011734009,1470,0.2,259.6988952636719,-14.1765643119812,108.50978088378906,0.0003
606208,21,356.6680944019164,40,136.86,3891,0.3951331377029419,0.2765625,-0.04481403210666031,0.029951038,0.8722290396690369,1475,0.2,437.7778610229492,-14.187431955337525,226.06439208984375,0.0003
608256,21,355.778148201491,41,136.51,3893,0.3950168490409851,0.3306640625,-0.045522343413904306,0.035191678,0.9079304933547974,1480,0.2,280.98770179748533,-14.185709142684937,110.31703186035156,0.0003
610304,22,352.74177718738326,42,135.9,3888,0.39510658383369446,0.25458984375,-0.04308458399027586,0.029617246,0.9102659225463867,1485,0.2,300.20061111450195,-14.184368681907653,139.84532165527344,0.0003
612352,22,352.824886212795,43,135.86,3889,0.39497649669647217,0.2669921875,-0.04203898883133661,0.030218415,0.9018378853797913,1490,0.2,304.6031768798828,-14.185666060447693,123.30038452148438,0.0003
614400,23,350.245335984028,44,134.72,3889,0.3949452042579651,0.28173828125,-0.04085096819326282,0.036577463,0.8766531944274902,1495,0.2,371.85024108886716,-14.178907775878907,151.8977508544922,0.0003
616448,23,354.90062133725655,45,136.31,3889,0.3950681984424591,0.36552734375,-0.04514278769493103,0.044167563,0.9294599294662476,1500,0.2,211.2736789703369,-14.181877732276917,87.73990631103516,0.0003
618496,24,355.67873512905555,46,136.45,3890,0.3950388729572296,0.28828125,-0.04099562996998429,0.030056328,0.9104851484298706,1505,0.2,256.3604763031006,-14.186456751823425,100.65587615966797,0.0003
620544,24,358.582175376107,47,137.41,3890,0.3949988782405853,0.33125,-0.04349036568310112,0.039413273,0.9288329482078552,1510,0.2,241.7810287475586,-14.183738470077515,70.89015197753906,0.0003
622592,25,362.6183204873497,48,138.54,3890,0.39513736963272095,0.31982421875,-0.04577177288592793,0.036089115,0.8761048316955566,1515,0.2,242.86181564331054,-14.189738416671753,90.48503875732422,0.0003
624640,25,356.64459506811744,49,136.28,3890,0.39536023139953613,0.2947265625,-0.04296130288857967,0.034544278,0.8958560824394226,1520,0.2,352.7347557067871,-14.200880336761475,148.2349395751953,0.0003
626688,26,355.46361150055867,50,135.92,3892,0.3952062427997589,0.3525390625,-0.04513718753587455,0.038986813,0.934283971786499,1525,0.2,252.89808731079103,-14.204733967781067,81.52314758300781,0.0003
628736,26,358.2417658824194,51,137.02,3892,0.39534205198287964,0.26435546875,-0.043945557344704865,0.027735606,0.8959885835647583,1530,0.2,401.5881156921387,-14.20110263824463,187.8224639892578,0.0003
630784,27,345.3930227512641,52,133.0,3890,0.39542683959007263,0.266015625,-0.046046377578750255,0.029915556,0.8811293244361877,1535,0.2,337.1887538909912,-14.212627744674682,160.41429138183594,0.0003
632832,27,346.34126197351094,53,133.5,3889,0.3954983949661255,0.27109375,-0.04178701682249084,0.037250433,0.9230064153671265,1540,0.2,325.9860038757324,-14.21822361946106,146.982666015625,0.0003
634880,28,343.21231428261177,54,132.65,3889,0.39579418301582336,0.3759765625,-0.04534377322997898,0.04587536,0.913802444934845,1545,0.2,236.52963409423828,-14.232897806167603,125.56478118896484,0.0003
636928,28,338.78227420344405,55,131.29,3889,0.39587000012397766,0.3115234375,-0.04104544820729643,0.03546608,0.8881648778915405,1550,0.2,258.555345916748,-14.244176435470582,99.74207305908203,0.0003
638976,29,340.0603250458438,56,131.51,3888,0.3956870138645172,0.34208984375,-0.04274322200799361,0.041097663,0.9311977028846741,1555,0.2,274.15889701843264,-14.242550921440124,139.0956268310547,0.0003
641024,30,340.490187840747,57,131.67,3888,0.39588552713394165,0.37802734375,-0.04730037315748632,0.042895585,0.9238512516021729,1560,0.2,244.8920555114746,-14.241397356987,77.03936004638672,0.0003
643072,30,341.36423697907117,58,131.71,3888,0.39592307806015015,0.2728515625,-0.044049420964438465,0.035099626,0.9121786952018738,1565,0.2,297.64512596130373,-14.253213715553283,132.88430786132812,0.0003
645120,31,349.40793076313986,59,134.14,3887,0.39591363072395325,0.3482421875,-0.04310433740029111,0.037746735,0.929783821105957,1570,0.2,236.60757751464843,-14.252982664108277,113.93384552001953,0.0003
647168,31,354.9623500083342,60,135.88,3887,0.3959834575653076,0.31474609375,-0.04355931656900793,0.033155035,0.8660041093826294,1575,0.2,317.74974937438964,-14.255422449111938,134.3218536376953,0.0003
649216,32,359.8365946881384,61,137.35,3887,0.39635851979255676,0.32158203125,-0.04348288716282696,0.042257275,0.9168399572372437,1580,0.2,214.08830795288085,-14.26928231716156,76.22274017333984,0.0003
651264,32,361.1033532386248,62,137.88,3888,0.39657852053642273,0.401953125,-0.03861961830407381,0.04706604,0.9213799238204956,1585,0.2,182.7601833343506,-14.292733311653137,74.85111236572266,0.0003
653312,33,368.8077172236033,63,140.04,3888,0.39674437046051025,0.30234375,-0.04422171697951853,0.032015074,0.8992564082145691,1590,0.2,306.59544944763184,-14.309516310691833,152.7739715576172,0.0003
655360,33,371.57553439747807,64,140.71,3888,0.39668622612953186,0.26875,-0.04261560628656298,0.03245385,0.9064321517944336,1595,0.2,270.85521125793457,-14.311421203613282,86.82817077636719,0.0003
657408,34,372.39442727388155,65,140.36,3888,0.3967090845108032,0.29912109375,-0.04124254058115184,0.029272107,0.8924517631530762,1600,0.2,364.22366485595705,-14.309105062484742,158.3174591064453,0.0003
659456,34,371.8986382804803,66,140.36,3888,0.3966001868247986,0.294921875,-0.0430911019560881,0.03726957,0.9336724281311035,1605,0.2,233.34914360046386,-14.306114029884338,106.23282623291016,0.0003
661504,35,367.9054187315978,67,138.55,3888,0.3967897593975067,0.2908203125,-0.044621907826513055,0.030976217,0.9135810136795044,1610,0.2,274.56008644104,-14.309342241287231,93.05622863769531,0.0003
663552,35,358.820838503573,68,135.59,3888,0.3966846764087677,0.3259765625,-0.04432892296463251,0.037879914,0.9211449027061462,1615,0.2,249.65113563537597,-14.311205291748047,107.05331420898438,0.0003
665600,36,350.4086919519783,69,133.15,3888,0.3968057334423065,0.31572265625,-0.04392998424882535,0.034134954,0.9222631454467773,1620,0.2,313.0776454925537,-14.311285805702209,128.0460968017578,0.0003
667648,36,349.9623235406639,70,133.24,3888,0.396843284368515,0.2806640625,-0.04138708955142647,0.03247381,0.9468128681182861,1625,0.2,267.07019729614257,-14.318776106834411,122.97578430175781,0.0003
669696,37,349.135565831902,71,133.07,3888,0.39701494574546814,0.31298828125,-0.04767270518932491,0.037688766,0.9229178428649902,1630,0.2,238.03487701416014,-14.327325797080993,99.99768829345703,0.0003
671744,37,351.1742504524952,72,133.85,3888,0.39737728238105774,0.26416015625,-0.041560526356624904,0.034608275,0.9031258225440979,1635,0.2,340.0626274108887,-14.34513885974884,112.02130126953125,0.0003
673792,38,351.93886280683785,73,133.9,3889,0.39758872985839844,0.36064453125,-0.05186400234233588,0.047273077,0.887326180934906,1640,0.2,228.6831127166748,-14.36845142841339,99.27780151367188,0.0003
675840,38,352.4509338319427,74,134.24,3888,0.39761605858802795,0.33330078125,-0.042005918989889326,0.039432675,0.9311224222183228,1645,0.2,244.11590156555175,-14.377192664146424,94.26599884033203,0.0003
677888,39,354.0399718365823,75,134.68,3888,0.39768311381340027,0.33447265625,-0.04646623651497066,0.042820152,0.9283183217048645,1650,0.2,244.84100189208985,-14.379770231246948,93.58226776123047,0.0003
679936,40,360.00478580901967,76,135.98,3888,0.3978601098060608,0.4111328125,-0.049285323917865755,0.054733336,0.9257272481918335,1655,0.2,214.69685325622558,-14.387036561965942,65.5068588256836,0.0003
681984,40,359.1840995818594,77,135.43,3888,0.39807721972465515,0.3673828125,-0.042563250521197915,0.039762393,0.8942564725875854,1660,0.2,193.2767261505127,-14.401526284217834,72.13410186767578,0.0003
684032,41,360.2505812898569,78,135.77,3888,0.39822524785995483,0.305078125,-0.04667110424488783,0.03394114,0.9291703104972839,1665,0.2,247.24199867248535,-14.416073679924011,108.21009063720703,0.0003
686080,41,358.002021455165,79,135.02,3887,0.39860108494758606,0.34521484375,-0.04238675475353375,0.038632624,0.9439345598220825,1670,0.2,213.10130805969237,-14.433641457557679,75.38536834716797,0.0003
688128,42,357.4177565959188,80,134.94,3888,0.3986431062221527,0.29580078125,-0.043921249872073534,0.035052314,0.8909689784049988,1675,0.2,410.09337615966797,-14.451366734504699,186.66439819335938,0.0003
690176,42,357.89000492365295,81,135.19,3888,0.3984997570514679,0.29384765625,-0.044497898558620366,0.031291336,0.8966579437255859,1680,0.2,388.56079788208007,-14.444709253311157,167.35231018066406,0.0003
692224,43,360.52219783428257,82,136.21,3888,0.3986932039260864,0.33173828125,-0.044288671924732625,0.036838435,0.9453608989715576,1685,0.2,215.267525100708,-14.44951241016388,103.68025970458984,0.0003
694272,44,356.61760599948104,83,135.39,3860,0.398681640625,0.32890625,-0.04688113636802882,0.035207152,0.8830166459083557,1690,0.2,210.4455265045166,-14.459371280670165,73.14038848876953,0.0003
696320,44,362.67544265712297,84,137.39,3859,0.3988483250141144,0.34306640625,-0.04335013729287311,0.03819569,0.9364004731178284,1695,0.2,262.3497989654541,-14.45731587409973,104.98741912841797,0.0003
698368,45,363.1796533441168,85,137.76,3856,0.3985881209373474,0.30361328125,-0.03856904031708837,0.042071253,0.900650680065155,1700,0.2,203.41009216308595,-14.460093235969543,76.18014526367188,0.0003
700416,45,370.19197126960535,86,140.0,3852,0.3988502621650696,0.36123046875,-0.04693922286387533,0.05252835,0.9493358135223389,1705,0.2,140.5914026260376,-14.456061935424804,73.14350891113281,0.0003
702464,46,365.2122151030789,87,138.13,3849,0.3990499675273895,0.30576171875,-0.04246404670411721,0.033546325,0.8664190173149109,1710,0.2,349.36349029541014,-14.47500832080841,182.8412322998047,0.0003
704512,46,374.5378356539038,88,141.2,3845,0.3991257846355438,0.36025390625,-0.046710740448907016,0.04255014,0.9517223238945007,1715,0.2,208.40702476501465,-14.484656810760498,91.84577178955078,0.0003
706560,47,373.1490495026607,89,140.54,3845,0.39971715211868286,0.3984375,-0.04037014269270003,0.05611914,0.9406702518463135,1720,0.2,169.9152702331543,-14.507882714271545,92.53634643554688,0.0003
708608,47,376.46561787164916,90,141.54,3843,0.4000456631183624,0.371875,-0.042641113372519614,0.04506112,0.9209321737289429,1725,0.2,166.17760009765624,-14.545114660263062,78.3888168334961,0.0003
710656,48,372.68658038078735,91,140.25,3844,0.40061694383621216,0.3640625,-0.04153198604471982,0.04410237,0.9280166029930115,1730,0.2,139.1113094329834,-14.574379777908325,45.4769287109375,0.0003
712704,49,370.45784161160486,92,139.61,3844,0.4005564749240875,0.34521484375,-0.040396630926989016,0.041134305,0.910246729850769,1735,0.2,234.6449401855469,-14.592429804801942,109.50533294677734,0.0003
714752,49,363.088788832865,93,137.3,3844,0.4008486568927765,0.2658203125,-0.04000201227609068,0.027076278,0.9015411138534546,1740,0.2,410.39006729125975,-14.601389765739441,192.08872985839844,0.0003
716800,50,362.69171942184835,94,137.48,3845,0.4009324312210083,0.278515625,-0.042638019612059,0.033260264,0.9262543320655823,1745,0.2,300.4002468109131,-14.617199516296386,155.16673278808594,0.0003
718848,50,357.41085535660966,95,135.88,3844,0.4008181691169739,0.3216796875,-0.04319042186252773,0.032244533,0.9394497871398926,1750,0.2,325.9219432830811,-14.614998245239258,147.5462188720703,0.0003
720896,51,354.98516201445955,96,135.26,3842,0.4007911682128906,0.35810546875,-0.04209960615262389,0.042524606,0.9063745737075806,1755,0.2,323.45056381225584,-14.608664321899415,132.1715545654297,0.0003
722944,51,353.69523247609266,97,135.01,3843,0.4008512794971466,0.33720703125,-0.04414781726663932,0.03766276,0.920265257358551,1760,0.2,249.9709201812744,-14.610959219932557,98.93412780761719,0.0003
724992,52,352.3638571666642,98,134.57,3844,0.40074121952056885,0.35087890625,-0.04418115493608639,0.058666207,0.9198377728462219,1765,0.2,193.6870964050293,-14.60834333896637,104.21461486816406,0.0003
727040,52,355.35760624321534,99,135.75,3844,0.4007917642593384,0.31953125,-0.03952359168324619,0.03396707,0.9133893847465515,1770,0.2,354.7953681945801,-14.60550765991211,182.08493041992188,0.0003
729088,53,350.77381566007483,100,134.19,3845,0.40083616971969604,0.34404296875,-0.04261165134375915,0.041650616,0.9251143932342529,1775,0.2,408.97960510253904,-14.608458328247071,176.97958374023438,0.0003
731136,53,358.6907334768567,101,136.56,3844,0.4008833169937134,0.325390625,-0.04146009262185544,0.0318344,0.9146074652671814,1780,0.2,284.8525218963623,-14.613441967964173,124.84542846679688,0.0003
733184,54,360.30386140895297,102,137.29,3845,0.40118369460105896,0.35517578125,-0.04299529248964973,0.044766285,0.9533240795135498,1785,0.2,148.54535408020018,-14.621795654296875,45.499271392822266,0.0003
735232,54,361.58121483078486,103,137.8,3846,0.40111061930656433,0.361328125,-0.04687715262407437,0.04569766,0.9284470081329346,1790,0.2,164.1333137512207,-14.636074328422547,74.50928497314453,0.0003
737280,55,362.64897914117864,104,137.88,3846,0.4013310670852661,0.31982421875,-0.044529357785359026,0.04053067,0.9220135807991028,1795,0.2,235.02919578552246,-14.635852360725403,103.26016235351562,0.0003
739328,55,364.7101406136847,105,138.4,3847,0.4019576907157898,0.3880859375,-0.039065114560071376,0.064478025,0.9484019875526428,1800,0.2,161.1052812576294,-14.669557547569275,79.40965270996094,0.0003
741376,56,369.51719497272296,106,139.53,3848,0.40212157368659973,0.32177734375,-0.04193902057595551,0.037729733,0.9241329431533813,1805,0.2,191.26069049835206,-14.70004587173462,84.28471374511719,0.0003
743424,56,378.36535236249495,107,142.35,3849,0.402161568403244,0.3908203125,-0.043457039585337046,0.0598775,0.9436517357826233,1810,0.2,148.2515090942383,-14.704050040245056,81.7733383178711,0.0003
745472,57,373.9837918959476,108,140.75,3850,0.4023202955722809,0.2916015625,-0.0440126444445923,0.030062873,0.8984658122062683,1815,0.2,406.25905990600586,-14.712520170211793,143.71990966796875,0.0003
747520,57,372.1541817973833,109,140.36,3850,0.40255221724510193,0.3,-0.040149994846433404,0.040250972,0.9119683504104614,1820,0.2,273.2351989746094,-14.724962615966797,125.7145767211914,0.0003
749568,58,370.2021781131761,110,139.34,3851,0.402802050113678,0.349609375,-0.040307122631929815,0.045867316,0.9067122936248779,1825,0.2,207.60339794158935,-14.743531632423402,83.74887084960938,0.0003
751616,59,374.611042019142,111,140.78,3851,0.40311965346336365,0.31845703125,-0.03955546065699309,0.039032206,0.9118263125419617,1830,0.2,250.56745948791504,-14.763792419433594,84.13175201416016,0.0003
753664,59,372.6803686376542,112,140.26,3852,0.40357425808906555,0.3486328125,-0.04422838721657172,0.040875703,0.898101806640625,1835,0.2,267.80963706970215,-14.790445351600647,91.28408813476562,0.0003
755712,60,371.44757061078167,113,139.83,3852,0.4040270745754242,0.3923828125,-0.04649591984925792,0.067253545,0.9205906987190247,1840,0.2,143.9984224319458,-14.82651665210724,58.94984817504883,0.0003
757760,60,373.4658011727523,114,140.37,3852,0.4039109945297241,0.3837890625,-0.035561443748883904,0.045198068,0.8971366882324219,1845,0.2,310.3232654571533,-14.834146976470947,110.6326675415039,0.0003
759808,61,373.4390628367312,115,140.22,3853,0.40407878160476685,0.3720703125,-0.03808395243249833,0.047288723,0.9109290838241577,1850,0.2,219.18663520812987,-14.837160563468933,92.98356628417969,0.0003
761856,61,370.2067029078732,116,138.88,3851,0.4042898416519165,0.34443359375,-0.03867533390875906,0.040680923,0.9012420177459717,1855,0.2,267.07133026123046,-14.851595807075501,116.57019805908203,0.0003
763904,62,370.9658217078785,117,139.02,3848,0.40439724922180176,0.34638671875,-0.04185801297426224,0.035772234,0.9328139424324036,1860,0.2,236.93719482421875,-14.864639711380004,114.4717025756836,0.0003
765952,62,368.3778998092302,118,138.44,3848,0.40456080436706543,0.37783203125,-0.037094599171541634,0.046495892,0.9386106729507446,1865,0.2,147.59639492034913,-14.8741886138916,48.27668380737305,0.0003
768000,63,372.9669479486986,119,139.98,3849,0.4048214256763458,0.39541015625,-0.035698776901699605,0.06648326,0.8976835608482361,1870,0.2,155.4581214904785,-14.88817765712738,81.25956726074219,0.0003
770048,63,373.38254762109085,120,140.42,3848,0.40517616271972656,0.3525390625,-0.03726109305862337,0.03745612,0.9103876352310181,1875,0.2,286.0150276184082,-14.911092472076415,129.21804809570312,0.0003
772096,64,378.980764600341,121,142.61,3849,0.4055382013320923,0.40458984375,-0.040471986297052356,0.06791187,0.9244881272315979,1880,0.2,108.89169006347656,-14.934985661506653,22.157730102539062,0.0003
774144,64,380.3450523563256,122,143.23,3849,0.40581363439559937,0.3625,-0.036847131757531314,0.044105157,0.8437289595603943,1885,0.2,196.2347085952759,-14.958285450935364,61.22894287109375,0.0003
776192,65,387.68963549465656,123,146.01,3849,0.4063299298286438,0.4517578125,-0.03841686157975346,0.09379882,0.93929523229599,1890,0.2,64.45624437332154,-14.985231566429139,18.314456939697266,0.0003
778240,66,389.5532250985536,124,147.1,3845,0.40658462047576904,0.44189453125,-0.02742780550615862,0.06038048,0.8634504079818726,1895,0.2,145.35992088317872,-15.0160147190094,56.263648986816406,0.0003
780288,66,384.57692215250177,125,145.67,3841,0.4067966639995575,0.37822265625,-0.03587192804552615,0.035454452,0.8553788661956787,1900,0.2,266.9763355255127,-15.033578944206237,82.68757629394531,0.0003
782336,67,383.2536084096878,126,145.31,3839,0.40695780515670776,0.430859375,-0.03817860775161534,0.0628165,0.9640215635299683,1905,0.2,127.69804515838624,-15.043264770507813,19.311174392700195,0.0003
784384,67,387.28571404159516,127,146.42,3839,0.4074842631816864,0.47060546875,-0.03747440446168184,0.06735286,0.8849887847900391,1910,0.2,127.92093677520752,-15.071810436248779,53.201045989990234,0.0003
786432,68,382.1235024595891,128,144.63,3840,0.40756386518478394,0.3513671875,-0.034983042074600235,0.035986576,0.8527899980545044,1915,0.2,320.11345863342285,-15.091853380203247,127.91586303710938,0.0003
788480,68,378.3672748823253,129,143.42,3840,0.40772736072540283,0.376953125,-0.04566836354788393,0.0637809,0.9251232743263245,1920,0.2,183.22864437103271,-15.098319840431213,82.0220947265625,0.0003
790528,69,377.80176652060567,130,143.04,3841,0.4080149829387665,0.344921875,-0.04211611088830978,0.055537663,0.9218747019767761,1925,0.2,131.70115938186646,-15.114165925979615,64.5893783569336,0.0003
792576,69,377.27839967435943,131,142.81,3841,0.4083121418952942,0.32822265625,-0.030626301490701734,0.033911996,0.8227672576904297,1930,0.2,190.17229728698732,-15.136792182922363,60.983192443847656,0.0003
794624,70,380.5308953023348,132,143.64,3841,0.4086669981479645,0.421484375,-0.034955145139247176,0.04924452,0.8977223038673401,1935,0.2,220.78216133117675,-15.159443593025207,48.48319625854492,0.0003
796672,70,382.33028886343845,133,144.13,3842,0.40989959239959717,0.5669921875,-0.03246615292737261,0.34028527,0.9170588254928589,1940,0.2,36.30872497558594,-15.196346020698547,8.4821138381958,0.0003
798720,71,380.001860603029,134,142.98,3843,0.41085007786750793,0.6052734375,-0.006804590544197709,0.11816053,0.882831335067749,1945,0.2,76.54185352325439,-15.306374096870423,24.845661163330078,0.0003
800768,71,386.1458574798587,135,144.84,3843,0.41119149327278137,0.3619140625,-0.02534321725834161,0.032964066,0.9358313083648682,1950,0.2,123.91272974014282,-15.340219807624816,67.1583480834961,0.0003
802816,72,389.22169634795233,136,145.53,3844,0.41115516424179077,0.30751953125,-0.033361428818898274,0.03336585,0.8397893309593201,1955,0.2,160.95822200775146,-15.350104331970215,71.31616973876953,0.0003
804864,72,389.61200502215166,137,145.52,3844,0.4111388027667999,0.28681640625,-0.04170616836054251,0.029042188,0.8005302548408508,1960,0.2,263.2402061462402,-15.345951104164124,83.22095489501953,0.0003
806912,73,392.7270647930464,138,146.49,3844,0.41128087043762207,0.44638671875,-0.04160974849946797,0.104139134,0.9653910398483276,1965,0.2,50.075272750854495,-15.351728534698486,20.229747772216797,0.0003
808960,74,391.0202737855283,139,145.76,3844,0.41135555505752563,0.4107421875,-0.022266094951191917,0.033438075,0.7717616558074951,1970,0.2,238.98691902160644,-15.35781888961792,86.9952392578125,0.0003
811008,74,389.7282481826537,140,145.15,3845,0.4114353060722351,0.26591796875,-0.03261135690845549,0.030070726,0.9596646428108215,1975,0.2,129.62125692367553,-15.363770127296448,37.55126953125,0.0003
813056,75,392.73678455786734,141,146.35,3845,0.4115464985370636,0.22900390625,-0.02960051578702405,0.01884198,0.8732631206512451,1980,0.2,205.43692054748536,-15.371406984329223,86.50877380371094,0.0003
815104,75,386.7176064815052,142,144.32,3845,0.4117268919944763,0.26279296875,-0.0348094844026491,0.027912702,0.9408260583877563,1985,0.2,169.51401767730712,-15.380147004127503,32.12569808959961,0.0003
817152,76,385.47212483820545,143,143.91,3846,0.41187936067581177,0.20458984375,-0.03477209256961942,0.02114056,0.9171994924545288,1990,0.2,292.4516014099121,-15.392029166221619,92.47509765625,0.0003
819200,76,384.18074768750716,144,143.28,3846,0.4120166599750519,0.2166015625,-0.036312485206872226,0.0211539,0.9255808591842651,1995,0.2,250.2701961517334,-15.40368311405182,79.89501953125,0.0003
821248,77,380.86729619962057,145,141.98,3847,0.41232287883758545,0.320703125,-0.04033849578117952,0.037575398,0.9526464343070984,2000,0.2,133.95161399841308,-15.41645040512085,58.99876403808594,0.0003
823296,77,386.32637327269464,146,143.54,3846,0.41258904337882996,0.25908203125,-0.035772828303743155,0.024332687,0.9092602729797363,2005,0.2,318.0723358154297,-15.440487742424011,125.13472747802734,0.0003
825344,78,385.74806861180804,147,143.33,3846,0.41276970505714417,0.2701171875,-0.03988941435236484,0.027515806,0.9071250557899475,2010,0.2,273.16196327209474,-15.453831720352174,109.74234008789062,0.0003
827392,78,381.44211706484367,148,141.99,3846,0.41279882192611694,0.3083984375,-0.03988836018834263,0.031181386,0.8345416784286499,2015,0.2,384.1951072692871,-15.462565183639526,143.722900390625,0.0003
829440,79,385.55777768060454,149,143.03,3846,0.4127865433692932,0.34931640625,-0.04654562035575509,0.04539212,0.9554318785667419,2020,0.2,132.1581132888794,-15.459937739372254,65.72906494140625,0.0003
831488,79,392.2686890385652,150,144.85,3846,0.4129379093647003,0.37744140625,-0.032083335926290604,0.0504876,0.8818833827972412,2025,0.2,87.7430027961731,-15.463621163368225,31.97765350341797,0.0003
833536,80,387.14564416804006,151,143.2,3846,0.4132162630558014,0.2943359375,-0.03936955346725881,0.029544422,0.7867941856384277,2030,0.2,232.92838859558105,-15.482019448280335,82.58501434326172,0.0003
835584,80,387.12837951908455,152,143.13,3846,0.41340917348861694,0.25029296875,-0.03607326522469521,0.030649018,0.9425663948059082,2035,0.2,252.37232360839843,-15.495690083503723,172.76873779296875,0.0003
837632,81,390.470741705444,153,143.87,3846,0.4134991765022278,0.33095703125,-0.04006495175417513,0.031745028,0.9244190454483032,2040,0.2,185.19565830230712,-15.507980895042419,59.64633560180664,0.0003
839680,81,391.24655701777175,154,144.12,3846,0.4140169024467468,0.31240234375,-0.04174579344689846,0.047971036,0.9287340641021729,2045,0.2,94.22161960601807,-15.524807047843932,35.88140106201172,0.0003
841728,82,396.8225521201625,155,145.58,3846,0.41426199674606323,0.34072265625,-0.036503463657572864,0.036232065,0.8471484184265137,2050,0.2,201.19855937957763,-15.558796620368957,97.3013687133789,0.0003
843776,83,397.67997792203664,156,145.78,3844,0.41426920890808105,0.29853515625,-0.039262250100728126,0.03542375,0.9372210502624512,2055,0.2,146.3050552368164,-15.565044522285461,77.71037292480469,0.0003
845824,83,395.50290257356346,157,145.17,3845,0.4143386483192444,0.37197265625,-0.03874226206098683,0.060028005,0.7298285961151123,2060,0.2,93.5963207244873,-15.564279246330262,28.572290420532227,0.0003
847872,84,397.959855243712,158,145.71,3845,0.41462966799736023,0.3359375,-0.03792293053120375,0.032416023,0.9073723554611206,2065,0.2,228.5245002746582,-15.579814147949218,88.2652816772461,0.0003
849920,84,401.55809556868707,159,147.05,3846,0.415330171585083,0.3146484375,-0.036605200218036774,0.039650813,0.9015863537788391,2070,0.2,177.25892162322998,-15.612293434143066,98.3615951538086,0.0003
851968,85,395.9877933202904,160,145.53,3846,0.41566941142082214,0.22548828125,-0.03739141710102558,0.02527932,0.9328991174697876,2075,0.2,274.33642463684083,-15.650314545631408,87.10295104980469,0.0003
854016,85,388.5714892594013,161,143.11,3846,0.41595786809921265,0.304296875,-0.04291493217460811,0.03569586,0.900383472442627,2080,0.2,327.51069259643555,-15.671942710876465,140.4958953857422,0.0003
856064,86,387.2626848231786,162,142.41,3847,0.4159640371799469,0.250390625,-0.04373826845549047,0.025823679,0.9211061596870422,2085,0.2,268.8456260681152,-15.681568622589111,140.58290100097656,0.0003
858112,86,385.70194335542493,163,142.05,3847,0.4162610173225403,0.39326171875,-0.042282837373204527,0.05343482,0.9480772614479065,2090,0.2,119.9376838684082,-15.689672327041626,63.62913131713867,0.0003
860160,87,387.4647347572408,164,142.83,3847,0.4166213870048523,0.294921875,-0.0351981918909587,0.03779196,0.862415075302124,2095,0.2,233.96578788757324,-15.711868286132812,65.94237518310547,0.0003
862208,87,387.76029876467044,165,142.83,3848,0.4168766140937805,0.2283203125,-0.03348584291525185,0.026428547,0.9006969332695007,2100,0.2,232.48329544067383,-15.73592176437378,59.55956268310547,0.0003
864256,88,386.32357697744584,166,142.27,3848,0.4170317053794861,0.43271484375,-0.03432763636810705,0.058172386,0.865641713142395,2105,0.2,104.21087636947632,-15.748275589942931,25.325130462646484,0.0003
866304,88,391.0522511834149,167,143.57,3848,0.4173579514026642,0.32001953125,-0.037501746835187075,0.030175123,0.8864380717277527,2110,0.2,260.44593544006347,-15.76567280292511,111.37998962402344,0.0003
868352,89,396.9188911156254,168,145.57,3848,0.4174169898033142,0.48857421875,-0.04039892838336527,0.16461995,0.961044192314148,2115,0.2,52.08937873840332,-15.782363057136536,18.905006408691406,0.0003
870400,90,399.805950245215,169,146.59,3845,0.4176238477230072,0.48388671875,-0.014074702397920191,0.03679899,0.8853304386138916,2120,0.2,270.38311462402345,-15.784578680992126,129.4089813232422,0.0003
872448,90,392.9179149406493,170,144.56,3845,0.41764548420906067,0.2798828125,-0.03883691863156855,0.030316094,0.8983314037322998,2125,0.2,189.3587345123291,-15.795921683311462,78.40319061279297,0.0003
874496,91,388.5449622328682,171,143.13,3846,0.41758790612220764,0.255859375,-0.03677151915617287,0.028426928,0.921044647693634,2130,0.2,288.82775535583494,-15.793138003349304,95.41414642333984,0.0003
876544,91,384.2024679688665,172,141.98,3846,0.4175993502140045,0.2126953125,-0.03533004933269694,0.02332354,0.9053917527198792,2135,0.2,405.1404495239258,-15.7916029214859,168.772216796875,0.0003
878592,92,382.8387479940054,173,141.63,3847,0.41785508394241333,0.26201171875,-0.03531209258362651,0.028938457,0.8959901928901672,2140,0.2,290.9199443817139,-15.799430799484252,90.7411880493164,0.0003
880640,92,384.46374974969075,174,142.1,3846,0.418150931596756,0.37431640625,-0.04342574494658038,0.044186246,0.9473538994789124,2145,0.2,152.3330560684204,-15.81991229057312,67.10371398925781,0.0003
882688,93,382.22621152483634,175,141.47,3847,0.41815871000289917,0.27890625,-0.03990564215928316,0.032964204,0.8329254388809204,2150,0.2,231.11140995025636,-15.830441212654113,85.82772827148438,0.0003
884736,93,379.0024128248293,176,140.72,3847,0.4184064269065857,0.3125,-0.04184537420514971,0.03827745,0.9212865233421326,2155,0.2,249.47115478515624,-15.834589004516602,108.62338256835938,0.0003
886784,94,382.2592976524424,177,141.69,3848,0.418628454208374,0.3671875,-0.03580821850337088,0.047447614,0.9581908583641052,2160,0.2,117.92732849121094,-15.853670573234558,42.917320251464844,0.0003
888832,94,385.8288814087758,178,142.72,3848,0.4188990890979767,0.37587890625,-0.03941036859760061,0.047227412,0.923569917678833,2165,0.2,147.5544860839844,-15.873738884925842,72.31793212890625,0.0003
890880,95,387.2701505532961,179,143.09,3848,0.4191546142101288,0.367578125,-0.03452875625807792,0.04904831,0.9436437487602234,2170,0.2,153.62525367736816,-15.891596174240112,69.12154388427734,0.0003
892928,95,390.16012440332867,180,143.92,3849,0.41943445801734924,0.4033203125,-0.03734355898341164,0.047196835,0.8736001253128052,2175,0.2,117.0340085029602,-15.910340905189514,36.33342361450195,0.0003
894976,96,392.9388080100304,181,144.79,3849,0.4196576476097107,0.4158203125,-0.037345356121659276,0.051505625,0.9317333698272705,2180,0.2,87.10577707290649,-15.923244881629945,39.818328857421875,0.0003
897024,96,389.28645754163307,182,143.79,3850,0.41998544335365295,0.3181640625,-0.037526551308110355,0.032806817,0.8017176389694214,2185,0.2,240.12137756347656,-15.943907809257507,78.44163513183594,0.0003
899072,97,392.6416462518444,183,144.63,3850,0.4201588034629822,0.307421875,-0.04289049163926393,0.039206985,0.9515460133552551,2190,0.2,176.78833961486816,-15.962618041038514,49.07387161254883,0.0003
901120,97,396.2954380882609,184,145.5,3850,0.4202975332736969,0.31513671875,-0.03814918074058369,0.03889664,0.7681204676628113,2195,0.2,199.2223834991455,-15.97314944267273,81.2466812133789,0.0003
903168,98,397.5697635408897,185,145.69,3851,0.420349657535553,0.32080078125,-0.03696268199710175,0.035803013,0.9005597233772278,2200,0.2,235.08216400146483,-15.97986705303192,159.01156616210938,0.0003
905216,98,396.23338676568807,186,145.4,3851,0.42060035467147827,0.39677734375,-0.03890906251035631,0.056584686,0.9482939839363098,2205,0.2,126.99667863845825,-15.985751390457153,51.41742706298828,0.0003
907264,99,395.654134817599,187,145.18,3851,0.4207139313220978,0.30126953125,-0.036815552436746654,0.03411866,0.8383682370185852,2210,0.2,172.77340984344482,-16.0029700756073,66.12943267822266,0.0003
909312,99,394.3335831950819,188,144.56,3851,0.42087119817733765,0.34443359375,-0.037407064251601695,0.050238196,0.9044309258460999,2215,0.2,136.86151847839355,-16.009996080398558,52.99088668823242,0.0003
911360,100,398.61861214502636,189,145.86,3852,0.42085036635398865,0.2720703125,-0.034594367374666035,0.03372504,0.8010309338569641,2220,0.2,252.7817127227783,-16.01615266799927,137.11138916015625,0.0003
913408,100,397.7197319445596,190,145.68,3852,0.420960932970047,0.34833984375,-0.037999058584682645,0.044043772,0.926956832408905,2225,0.2,195.80054569244385,-16.01852693557739,80.22970581054688,0.0003
915456,101,392.34541856949494,191,144.09,3852,0.4209997355937958,0.28994140625,-0.036413062596693635,0.026985604,0.9009579420089722,2230,0.2,357.27319793701173,-16.023117113113404,190.4923095703125,0.0003
917504,102,396.619246139366,192,145.5,3852,0.4211151897907257,0.42646484375,-0.04254609637428075,0.094626665,0.9498370885848999,2235,0.2,65.93030004501342,-16.026488161087038,23.16583824157715,0.0003
919552,102,394.4837392382606,193,144.59,3852,0.4213939607143402,0.3759765625,-0.027501251455396412,0.033950925,0.8079125881195068,2240,0.2,303.81104545593263,-16.043511724472047,119.67073059082031,0.0003
921600,103,396.48097510800073,194,144.98,3852,0.4217208921909332,0.43720703125,-0.036684194102417675,0.08412589,0.9323263764381409,2245,0.2,84.97852439880371,-16.06018486022949,38.975467681884766,0.0003
923648,103,397.5054401984372,195,145.38,3849,0.42188841104507446,0.40498046875,-0.0375734880566597,0.043019563,0.9209667444229126,2250,0.2,162.7437973022461,-16.07859230041504,79.49168395996094,0.0003
925696,104,400.1531653176882,196,145.78,3849,0.42179375886917114,0.4140625,-0.03793012734968215,0.060597263,0.9499921798706055,2255,0.2,75.26764402389526,-16.080582094192504,34.82796859741211,0.0003
927744,104,394.6207200440317,197,143.79,3848,0.4223664700984955,0.41767578125,-0.03587061765720136,0.06946221,0.9065351486206055,2260,0.2,101.38292045593262,-16.096081972122192,43.443687438964844,0.0003
929792,105,401.63054694094126,198,145.84,3847,0.42271798849105835,0.41650390625,-0.03404560011113063,0.06604752,0.9493411183357239,2265,0.2,118.85247678756714,-16.130265045166016,46.050933837890625,0.0003
931840,105,401.2583800966656,199,145.5,3847,0.42303964495658875,0.30234375,-0.03673934615217149,0.031280566,0.8704304695129395,2270,0.2,143.77864112854004,-16.152149534225465,61.969520568847656,0.0003
933888,106,405.57216797227863,200,146.7,3846,0.42347198724746704,0.346875,-0.03497365339426324,0.042544354,0.9336139559745789,2275,0.2,141.69643154144288,-16.173710966110228,76.2546157836914,0.0003
935936,107,403.6780266449709,201,146.46,3846,0.423753023147583,0.33427734375,-0.03238071647938341,0.03698169,0.8375846147537231,2280,0.2,133.73021564483642,-16.20415644645691,55.176673889160156,0.0003
937984,107,401.26916809999767,202,145.7,3846,0.4239768981933594,0.256640625,-0.03463790949899703,0.023434019,0.8679025769233704,2285,0.2,257.9224723815918,-16.216745233535768,67.30169677734375,0.0003
940032,108,394.2469030250049,203,143.77,3846,0.4241572618484497,0.26474609375,-0.03594007588690147,0.029333366,0.9314464330673218,2290,0.2,254.79730072021485,-16.233934259414674,105.82028198242188,0.0003
942080,108,398.9461259018174,204,145.38,3846,0.4242299795150757,0.31123046875,-0.03529040552675724,0.028242897,0.8927240967750549,2295,0.2,336.19505805969237,-16.240094089508055,123.50335693359375,0.0003
944128,109,398.52561805949483,205,145.26,3846,0.4241890013217926,0.31689453125,-0.038474333751946685,0.032418128,0.9298063516616821,2300,0.2,189.9877788543701,-16.24370665550232,62.80046081542969,0.0003
946176,109,396.9912825674424,206,144.87,3846,0.424506276845932,0.3125,-0.038989248033612964,0.03439594,0.8990185856819153,2305,0.2,228.24477024078368,-16.251997423171996,104.18457794189453,0.0003
948224,110,395.1948977173104,207,144.38,3846,0.42454078793525696,0.30966796875,-0.043057357403449716,0.039839406,0.8670346140861511,2310,0.2,211.36385974884033,-16.26571207046509,83.84976959228516,0.0003
950272,110,393.2402021144831,208,143.49,3846,0.4245298206806183,0.21875,-0.03466705176979303,0.021732029,0.899242639541626,2315,0.2,365.3436851501465,-16.266018199920655,161.58399963378906,0.0003
952320,111,393.2698296771395,209,143.56,3846,0.42488551139831543,0.32255859375,-0.03771494859829545,0.037291378,0.9210635423660278,2320,0.2,164.892684841156,-16.277529382705687,70.36317443847656,0.0003
954368,111,399.7296496485246,210,145.3,3846,0.4251890480518341,0.4109375,-0.04162362084025517,0.05098744,0.9516338109970093,2325,0.2,94.25044107437134,-16.30285987854004,32.14653015136719,0.0003
956416,112,396.4130419945023,211,144.16,3846,0.42526620626449585,0.3236328125,-0.0396455354988575,0.04225415,0.9222843050956726,2330,0.2,198.7607723236084,-16.313572359085082,92.14018249511719,0.0003
958464,112,396.9284117980349,212,144.24,3847,0.42521676421165466,0.3216796875,-0.039683953020721675,0.04256355,0.8918997645378113,2335,0.2,160.3271333694458,-16.31738257408142,42.62701416015625,0.0003
960512,113,397.13524024544114,213,144.46,3847,0.4253730773925781,0.31357421875,-0.03796608813572675,0.04005824,0.9004032015800476,2340,0.2,135.54667015075682,-16.31747646331787,49.60205078125,0.0003
962560,113,393.22949250351115,214,143.35,3847,0.42556434869766235,0.34033203125,-0.03750531312543899,0.042208135,0.9247127175331116,2345,0.2,170.89876413345337,-16.329704761505127,64.82938385009766,0.0003
964608,114,392.12441025958253,215,143.24,3847,0.42578041553497314,0.29150390625,-0.03435040861368179,0.028463956,0.9269475340843201,2350,0.2,295.1043560028076,-16.343783235549928,105.0277328491211,0.0003
966656,114,390.9829605647819,216,143.13,3847,0.42586997151374817,0.25830078125,-0.04074803452240303,0.03181175,0.9051967859268188,2355,0.2,263.26300621032715,-16.355269718170167,106.16873931884766,0.0003
968704,115,390.0714726601023,217,143.16,3847,0.4261985719203949,0.290625,-0.03728758489014581,0.03716376,0.8999674320220947,2360,0.2,234.56501846313478,-16.369251585006715,86.11600494384766,0.0003
970752,116,391.7079623084963,218,143.99,3847,0.42628931999206543,0.2943359375,-0.03930670591071248,0.034298465,0.8399251103401184,2365,0.2,281.33240966796876,-16.381698894500733,135.76663208007812,0.0003
972800,116,392.07664278822784,219,144.52,3847,0.4263523817062378,0.32998046875,-0.04256589945871383,0.04359563,0.9262468218803406,2370,0.2,135.05045738220215,-16.388317918777467,62.60469055175781,0.0003
974848,117,391.25809668238486,220,144.1,3846,0.4265148341655731,0.35498046875,-0.041798929020296784,0.060286947,0.8079472184181213,2375,0.2,190.28907108306885,-16.39684352874756,63.67264175415039,0.0003
976896,117,395.8633608518356,221,145.64,3845,0.4268413484096527,0.373828125,-0.037078158697113395,0.047883034,0.9188534021377563,2380,0.2,119.99200706481933,-16.412759208679198,42.480079650878906,0.0003
978944,118,399.53231269564253,222,146.76,3844,0.42719462513923645,0.3587890625,-0.029735770844854414,0.039309178,0.9030573964118958,2385,0.2,168.9413049697876,-16.43615641593933,82.90524291992188,0.0003
980992,118,396.0883307037574,223,145.73,3839,0.42744043469429016,0.346875,-0.038713841827120635,0.04610887,0.8685594201087952,2390,0.2,240.8140048980713,-16.458177709579466,85.8623275756836,0.0003
983040,119,396.8386113324658,224,145.76,3838,0.42753463983535767,0.416015625,-0.04055656219134107,0.06758751,0.9606113433837891,2395,0.2,79.73832159042358,-16.465352010726928,27.300296783447266,0.0003
985088,120,392.3324855824501,225,144.32,3838,0.4278891980648041,0.36640625,-0.025639312830753623,0.034840204,0.8816734552383423,2400,0.2,262.63268814086916,-16.486391019821166,73.53236389160156,0.0003
987136,120,389.4734878320947,226,143.49,3839,0.4281756579875946,0.2642578125,-0.03886439432390034,0.031379983,0.9224489331245422,2405,0.2,195.02151889801024,-16.504663276672364,68.76223754882812,0.0003
989184,121,386.9378191504363,227,143.13,3839,0.42825964093208313,0.258984375,-0.03499141247011721,0.028394982,0.9358457326889038,2410,0.2,269.07129821777346,-16.517819452285767,74.08735656738281,0.0003
991232,121,382.96838043759453,228,142.05,3839,0.42849957942962646,0.2673828125,-0.03904899870976806,0.030042386,0.9030351042747498,2415,0.2,277.7637508392334,-16.52907791137695,98.5485610961914,0.0003
993280,122,384.3149722807419,229,142.49,3839,0.42883607745170593,0.43720703125,-0.04029373498633504,0.0737987,0.9572458863258362,2420,0.2,96.00373210906983,-16.54290289878845,44.43936538696289,0.0003
995328,122,384.3423267709893,230,142.53,3839,0.42916280031204224,0.39365234375,-0.034508179780095814,0.052908298,0.9176543951034546,2425,0.2,171.128737449646,-16.572184610366822,55.03779602050781,0.0003
997376,123,386.48128465157356,231,143.28,3840,0.429504930973053,0.398828125,-0.03674565341789275,0.068476506,0.9466651678085327,2430,0.2,69.27542943954468,-16.58829607963562,42.25580596923828,0.0003
999424,123,391.9713508761754,232,144.67,3840,0.42979326844215393,0.41513671875,-0.037182597967330366,0.050374288,0.724311113357544,2435,0.2,96.88885126113891,-16.612418603897094,23.92193603515625,0.0003
1001472,124,395.26496422240666,233,145.54,3840,0.43033626675605774,0.50185546875,-0.019405645807273685,0.111613326,0.963410496711731,2440,0.2,41.23167383670807,-16.642663526535035,10.537615776062012,0.0003
1003520,124,395.1290917039418,234,145.57,3841,0.43076637387275696,0.34521484375,-0.03179219977464527,0.03945663,0.864509105682373,2445,0.2,136.03386840820312,-16.671729564666748,59.100162506103516,0.0003
1005568,125,396.2389830772397,235,145.95,3841,0.43119239807128906,0.469921875,-0.030692291911691427,0.060969017,0.980084240436554,2450,0.2,59.27410545349121,-16.703495073318482,19.68399429321289,0.0003
1007616,125,394.7866106161244,236,145.5,3842,0.43168842792510986,0.37802734375,-0.03399215000681579,0.049608625,0.9165345430374146,2455,0.2,64.53824906349182,-16.73254199028015,12.343680381774902,0.0003
1009664,126,396.1879500285341,237,145.95,3842,0.4319407343864441,0.421875,-0.03709861630341038,0.04030504,0.8464345335960388,2460,0.2,131.7262077331543,-16.757277631759642,61.24296951293945,0.0003
1011712,126,393.0219405729242,238,145.05,3842,0.43201401829719543,0.3001953125,-0.04299803657922894,0.034950655,0.9338737726211548,2465,0.2,199.24471282958984,-16.769213485717774,66.39289093017578,0.0003
1013760,127,387.27379844915026,239,143.34,3842,0.43230414390563965,0.27158203125,-0.03969894025358371,0.027025733,0.9359152317047119,2470,0.2,229.74503688812257,-16.780201148986816,57.9102783203125,0.0003
1015808,127,385.862442115442,240,142.61,3842,0.4324902594089508,0.26005859375,-0.04271220194641501,0.030978149,0.8924715518951416,2475,0.2,356.41996307373046,-16.795464038848877,135.38302612304688,0.0003
1017856,128,389.82644415134354,241,143.49,3843,0.432731956243515,0.29033203125,-0.03847254307474941,0.035992786,0.8924721479415894,2480,0.2,203.57031211853027,-16.8096962928772,79.91682434082031,0.0003
1019904,128,389.2443728118258,242,143.27,3843,0.43303757905960083,0.3326171875,-0.03766896447632462,0.036535278,0.8981217741966248,2485,0.2,227.0428451538086,-16.829228019714357,90.98360443115234,0.0003
1021952,129,388.58372746512,243,143.13,3843,0.4330790042877197,0.3267578125,-0.03901013940339908,0.045569815,0.8902336955070496,2490,0.2,148.0696882247925,-16.840146112442017,52.815975189208984,0.0003
1024000,129,391.8685965210489,244,143.87,3844,0.4331999123096466,0.40009765625,-0.03847706420347095,0.07795702,0.8444151282310486,2495,0.2,82.19464063644409,-16.841382884979247,31.802127838134766,0.0003
1026048,130,394.35189067351894,245,144.53,3844,0.43345293402671814,0.478515625,-0.02765167613979429,0.057742458,0.9064721465110779,2500,0.2,112.48537120819091,-16.86031541824341,51.195701599121094,0.0003
1028096,131,395.6951945365886,246,144.82,3844,0.4335651993751526,0.3357421875,-0.030506931932177395,0.038766757,0.9262524247169495,2505,0.2,129.2784646987915,-16.868235063552856,50.226654052734375,0.0003
1030144,131,397.40286007695323,247,145.89,3845,0.43394988775253296,0.37646484375,-0.03638610887574032,0.05732958,0.8086479306221008,2510,0.2,90.17585477828979,-16.88463387489319,39.511390686035156,0.0003
1032192,132,399.1006987833883,248,146.37,3844,0.43442556262016296,0.42451171875,-0.029476682253880428,0.068139695,0.956175684928894,2515,0.2,56.9093415260315,-16.911321115493774,7.4951043128967285,0.0003
1034240,132,397.22107107703937,249,145.7,3843,0.43520888686180115,0.44384765625,-0.027949259523302315,0.06026698,0.9111250638961792,2520,0.2,112.50457019805908,-16.955911540985106,34.24905776977539,0.0003
1036288,133,399.109738590961,250,146.31,3844,0.43542900681495667,0.32392578125,-0.0346648236270994,0.053776246,0.933607816696167,2525,0.2,98.8957462310791,-16.989771366119385,43.74700164794922,0.0003
1038336,133,395.8457976393461,251,145.58,3844,0.43597424030303955,0.42265625,-0.03161989988293499,0.07205943,0.936130702495575,2530,0.2,59.49074811935425,-17.012666606903075,23.771018981933594,0.0003
1040384,134,396.48759474200745,252,145.85,3842,0.43641340732574463,0.444921875,-0.030361502431333065,0.0650904,0.9603914022445679,2535,0.2,51.2645161151886,-17.04708194732666,23.24494171142578,0.0003
1042432,134,398.9205732163726,253,146.91,3842,0.43684282898902893,0.42841796875,-0.030430483212694526,0.058306497,0.9144771695137024,2540,0.2,94.15737295150757,-17.07620759010315,32.966922760009766,0.0003
1044480,135,399.75646151505316,254,146.75,3841,0.43706437945365906,0.41923828125,-0.03163100709207356,0.05085196,0.9015686511993408,2545,0.2,119.07276878356933,-17.09607524871826,60.14759826660156,0.0003
1046528,135,397.8647170742551,255,146.17,3841,0.4375784695148468,0.4951171875,-0.030479900422506034,0.11313295,0.9525571465492249,2550,0.2,56.75623054504395,-17.113450145721437,14.727804183959961,0.0003
1048576,136,395.73876127326514,256,145.62,3841,0.43796485662460327,0.44755859375,-0.015475342923309654,0.030569166,0.9105252623558044,2555,0.2,226.65711517333983,-17.15231156349182,59.25740432739258,0.0003
1050624,136,393.66587027361226,257,144.82,3842,0.4381430447101593,0.33203125,-0.035449517343658955,0.03561011,0.8923438787460327,2560,0.2,185.93401498794555,-17.16685471534729,114.43574523925781,0.0003
1052672,137,389.05306460941,258,143.46,3842,0.4382942318916321,0.34130859375,-0.03362071271985769,0.033711255,0.9112833142280579,2565,0.2,175.29609298706055,-17.179598140716553,64.72457885742188,0.0003
1054720,138,385.2498278676178,259,142.28,3842,0.4383239150047302,0.262109375,-0.034042348933871834,0.024071269,0.9248802661895752,2570,0.2,296.7625785827637,-17.186801433563232,114.02008056640625,0.0003
1056768,138,378.72507959753125,260,140.46,3843,0.4383874535560608,0.21279296875,-0.036588424490764736,0.024842206,0.9213857054710388,2575,0.2,250.20851707458496,-17.1898344039917,77.05586242675781,0.0003
1058816,139,374.1878640897953,261,139.23,3842,0.43839144706726074,0.2998046875,-0.03911690708482638,0.027499108,0.9427979588508606,2580,0.2,227.44182968139648,-17.189304494857787,73.59193420410156,0.0003
1060864,139,378.82758209277307,262,140.49,3842,0.4386005401611328,0.34833984375,-0.043051212351565483,0.05008371,0.945235013961792,2585,0.2,132.72871227264403,-17.19690909385681,42.32033920288086,0.0003
1062912,140,382.5139252663012,263,141.74,3842,0.4389737844467163,0.4365234375,-0.026353840983938427,0.08398056,0.8011268973350525,2590,0.2,36.3159077167511,-17.2155282497406,11.05387020111084,0.0003
1064960,140,383.61066496075205,264,142.22,3842,0.4394696354866028,0.51240234375,-0.022649263218045234,0.06647766,0.7900562286376953,2595,0.2,126.31077079772949,-17.24135217666626,51.92655563354492,0.0003
1067008,141,386.0534759274737,265,143.03,3842,0.4398767352104187,0.3947265625,-0.028217989043332635,0.058497205,0.905056357383728,2600,0.2,138.0659605026245,-17.27658438682556,29.814197540283203,0.0003
1069056,141,392.26821600340037,266,145.09,3842,0.44021540880203247,0.3595703125,-0.035019896388985214,0.0355969,0.9052367806434631,2605,0.2,167.05819969177247,-17.298615312576295,56.03805923461914,0.0003
1071104,142,395.06954712734245,267,146.12,3843,0.4410378634929657,0.4505859375,-0.034521043265704064,0.09756252,0.950738251209259,2610,0.2,70.18373069763183,-17.337744998931885,16.499521255493164,0.0003
1073152,142,393.17147794145404,268,145.66,3843,0.441281259059906,0.42705078125,-0.026067558350041507,0.03787955,0.8821775913238525,2615,0.2,261.9713439941406,-17.37714467048645,90.58853149414062,0.0003
1075200,143,392.0260688589879,269,145.6,3843,0.44132810831069946,0.31630859375,-0.03478169742738828,0.029176977,0.9425902962684631,2620,0.2,170.46902618408203,-17.38232264518738,51.38356399536133,0.0003
1077248,143,388.1369348899139,270,144.63,3843,0.44169387221336365,0.3759765625,-0.030877649411559106,0.043450456,0.9377800822257996,2625,0.2,156.8261631011963,-17.393720054626463,52.24679946899414,0.0003
1079296,144,387.20043194315525,271,144.47,3844,0.44210055470466614,0.32802734375,-0.03366876923537347,0.03367208,0.8675625920295715,2630,0.2,136.54647064208984,-17.4233314037323,35.01345443725586,0.0003
1081344,144,387.59599930178695,272,144.61,3844,0.4423433244228363,0.254296875,-0.03264815472066403,0.026023937,0.9355798363685608,2635,0.2,182.68331146240234,-17.44363932609558,47.61521911621094,0.0003
1083392,145,387.0716276308703,273,144.46,3844,0.44246819615364075,0.3224609375,-0.03739806294906885,0.030969778,0.905738890171051,2640,0.2,184.23910827636718,-17.457852792739867,63.287105560302734,0.0003
1085440,145,383.44810835171864,274,143.27,3844,0.44245752692222595,0.2685546875,-0.03369958094554022,0.026590014,0.9223419427871704,2645,0.2,224.16376113891602,-17.460486888885498,59.47126007080078,0.0003
1087488,146,388.0716953280637,275,144.61,3844,0.44253861904144287,0.25419921875,-0.0320043278275989,0.027800428,0.9333828091621399,2650,0.2,213.20325756072998,-17.462102127075195,55.73015213012695,0.0003
1089536,146,388.36186255785475,276,144.61,3845,0.44276437163352966,0.48486328125,-0.03138542417436838,0.06561792,0.9574453234672546,2655,0.2,93.07843341827393,-17.470836925506593,30.54951286315918,0.0003
1091584,147,392.17718190432146,277,145.64,3845,0.4427332282066345,0.3396484375,-0.03415275923907757,0.04580354,0.7795200347900391,2660,0.2,156.99300451278685,-17.476362419128417,52.63630294799805,0.0003
1093632,148,390.8304676863014,278,144.85,3845,0.44262880086898804,0.401171875,-0.036214729235507545,0.07795654,0.9352248311042786,2665,0.2,63.55451698303223,-17.470113515853882,22.59095573425293,0.0003
1095680,148,390.64499166444074,279,144.51,3846,0.4432160258293152,0.38857421875,-0.027812142320908607,0.048087172,0.896911084651947,2670,0.2,153.352042388916,-17.48642268180847,53.16952896118164,0.0003
1097728,149,391.4147356866458,280,144.93,3846,0.4434710144996643,0.33896484375,-0.03597825705073774,0.028939528,0.9246031045913696,2675,0.2,156.96158847808837,-17.516448736190796,93.52691650390625,0.0003
1099776,149,392.053485262554,281,145.07,3846,0.44396063685417175,0.36357421875,-0.04132439359091222,0.040004082,0.9233607649803162,2680,0.2,152.83418159484864,-17.538804531097412,65.56864929199219,0.0003
1101824,150,396.4638471306982,282,146.63,3846,0.4442650079727173,0.46982421875,-0.035858223820105194,0.07548471,0.9633132815361023,2685,0.2,70.50468759536743,-17.568422079086304,25.074098587036133,0.0003
1103872,150,392.01852689837887,283,145.23,3846,0.4446038603782654,0.37568359375,-0.03562258342280984,0.039104074,0.8326137661933899,2690,0.2,228.89253349304198,-17.587434482574462,107.4454345703125,0.0003
1105920,151,384.09137358236694,284,143.16,3846,0.44494399428367615,0.27998046875,-0.03387836292386055,0.033706896,0.9122200608253479,2695,0.2,249.1941432952881,-17.609866333007812,67.78147888183594,0.0003
1107968,151,385.6234886580275,285,144.02,3846,0.44540536403656006,0.42119140625,-0.03201684621162713,0.07472783,0.9730968475341797,2700,0.2,74.47369260787964,-17.635938119888305,23.538494110107422,0.0003
1110016,152,384.8822579797776,286,144.15,3846,0.44548818469047546,0.5302734375,-0.019809720967896283,0.13971522,0.9546651840209961,2705,0.2,36.608475875854495,-17.649876976013182,12.685514450073242,0.0003
1112064,152,385.7830757167442,287,144.39,3847,0.4459267258644104,0.48037109375,-0.026803825888782738,0.08230888,0.9620653986930847,2710,0.2,47.87904744148254,-17.671341037750246,14.278925895690918,0.0003
1114112,153,387.001791260888,288,144.89,3847,0.44618842005729675,0.4388671875,-0.030921632912941276,0.06935112,0.8616049289703369,2715,0.2,79.79832401275635,-17.693361043930054,26.675893783569336,0.0003
1116160,153,386.94790284212536,289,144.79,3847,0.4462115168571472,0.37646484375,-0.03145621183793992,0.04318803,0.9205553531646729,2720,0.2,103.72535047531127,-17.701891374588012,46.49053192138672,0.0003
1118208,154,388.90954352218205,290,145.53,3847,0.4464625418186188,0.32822265625,-0.0313828406506218,0.044555042,0.9105884432792664,2725,0.2,102.3832495689392,-17.710810375213622,25.982440948486328,0.0003
1120256,154,396.0984897104539,291,147.42,3848,0.44672515988349915,0.3373046875,-0.025766034063417466,0.034915753,0.925962507724762,2730,0.2,81.65940098762512,-17.72544469833374,17.929258346557617,0.0003
1122304,155,397.4346960841543,292,147.83,3848,0.4477497339248657,0.7494140625,0.01677214375231415,0.9308351,0.9666447639465332,2735,0.2,11.94309377670288,-17.75312352180481,5.607920169830322,0.0003
1124352,155,390.3629574694179,293,145.77,3848,0.4483216404914856,0.84814453125,0.1154190170171205,1.0625339,0.8231201767921448,2740,0.2,251.79352054595947,-17.823542499542235,70.17189025878906,0.0003
1126400,156,365.0325704284987,294,137.38,3848,0.44840481877326965,0.12138671875,-0.022769126412458717,0.011970041,0.8742464780807495,2745,0.2,595.1332092285156,-17.839583253860475,226.8064727783203,0.0003
1128448,156,353.3341151772929,295,133.76,3849,0.4484424591064453,0.0740234375,-0.023848956194706263,0.011664204,0.9083449244499207,2750,0.2,659.6354393005371,-17.84224090576172,255.6803436279297,0.0003
1130496,157,331.0235441326077,296,126.4,3849,0.44850480556488037,0.10126953125,-0.026519479625858367,0.011439212,0.9239186644554138,2755,0.2,549.2707366943359,-17.845122194290163,236.83428955078125,0.0003
1132544,157,308.7571435554471,297,119.22,3849,0.44862812757492065,0.08359375,-0.02272296353476122,0.010176541,0.9149613380432129,2760,0.2,612.8546562194824,-17.850815868377687,215.97947692871094,0.0003
1134592,158,301.0928114920162,298,116.43,3850,0.44878730177879333,0.14228515625,-0.035944779473356905,0.016202677,0.8726760149002075,2765,0.2,545.4470970153809,-17.860623407363892,202.23809814453125,0.0003
1136640,159,301.3512624505495,299,116.56,3850,0.44890591502189636,0.1775390625,-0.040940787259023635,0.021072812,0.915106475353241,2770,0.2,408.84890975952146,-17.868830919265747,168.71080017089844,0.0003
1138688,159,305.7823159968719,300,117.62,3850,0.44911864399909973,0.209375,-0.04206677945330739,0.020596746,0.9326838254928589,2775,0.2,294.2855094909668,-17.88006854057312,100.78240203857422,0.0003
1140736,160,321.0255855107626,301,122.28,3850,0.4492027461528778,0.21572265625,-0.04277690974995494,0.022983588,0.9465880393981934,2780,0.2,264.9067749023437,-17.88964114189148,91.51405334472656,0.0003
1142784,160,328.68670666749034,302,124.64,3850,0.44941064715385437,0.22890625,-0.04043397312052548,0.027862215,0.9323796033859253,2785,0.2,179.67274990081788,-17.899333953857422,79.56723022460938,0.0003
1144832,161,349.5233766900469,303,131.01,3850,0.4495430886745453,0.2443359375,-0.03939507915638387,0.02400478,0.8961923718452454,2790,0.2,248.5476921081543,-17.91149353981018,84.00689697265625,0.0003
1146880,161,368.14957524878207,304,136.67,3851,0.4495101869106293,0.25009765625,-0.039128480944782495,0.027534436,0.8660873174667358,2795,0.2,189.67570686340332,-17.91395506858826,68.11507415771484,0.0003
1148928,162,367.6539252278393,305,136.54,3851,0.4495759606361389,0.1716796875,-0.030981335300020875,0.016680015,0.9232326745986938,2800,0.2,292.40355453491213,-17.9150342464447,100.449462890625,0.0003
1150976,162,376.30157978712043,306,139.06,3851,0.4497511684894562,0.29658203125,-0.04503082875162363,0.044727214,0.9507204294204712,2805,0.2,88.74237842559815,-17.920575857162476,30.354673385620117,0.0003
1153024,163,389.8663368569094,307,143.22,3851,0.44990694522857666,0.29248046875,-0.03612103257328272,0.025823012,0.9217106699943542,2810,0.2,176.25174503326417,-17.934509134292604,80.8255615234375,0.0003
1155072,163,391.1443266895923,308,143.48,3851,0.4499817490577698,0.255078125,-0.039704137609805915,0.03063219,0.909009575843811,2815,0.2,117.91241512298583,-17.939440774917603,50.160804748535156,0.0003
1157120,164,395.35529028693077,309,144.69,3851,0.4503898322582245,0.30048828125,-0.03168058965820819,0.038240205,0.9175288081169128,2820,0.2,67.05340557098388,-17.955380773544313,23.913198471069336,0.0003
1159168,164,395.50327300653095,310,144.74,3850,0.45070594549179077,0.469921875,-0.03959125496912748,0.10524186,0.5902808904647827,2825,0.2,32.14644165039063,-17.98002920150757,6.316295146942139,0.0003
1161216,165,398.609759446552,311,146.0,3850,0.4510152041912079,0.49541015625,-0.0213905741693452,0.08616811,0.9200183749198914,2830,0.2,49.87641968727112,-17.998477363586424,15.09515380859375,0.0003
1163264,165,402.57185541936553,312,147.07,3850,0.4517834186553955,0.5244140625,-0.03674324150197208,0.12028815,0.9640981554985046,2835,0.2,27.97336916923523,-18.028669023513793,8.46728801727295,0.0003
1165312,166,403.22769590175477,313,147.41,3850,0.452141672372818,0.45283203125,-0.025818365276791155,0.050912026,0.8992472887039185,2840,0.2,63.20800971984863,-18.071915435791016,16.073936462402344,0.0003
1167360,166,402.9924259422462,314,147.47,3850,0.4522720277309418,0.27900390625,-0.028511618042830377,0.027704846,0.8775767683982849,2845,0.2,178.15717658996581,-18.083448314666747,64.21772003173828,0.0003
1169408,167,401.92154152380596,315,147.24,3851,0.452495276927948,0.28720703125,-0.035364572063554076,0.02781817,0.9057376384735107,2850,0.2,113.12046222686767,-18.09440679550171,41.838626861572266,0.0003
1171456,168,400.936676363912,316,147.24,3851,0.452796071767807,0.3548828125,-0.02732857143273577,0.07804217,0.9132212996482849,2855,0.2,58.31924667358398,-18.109764528274535,17.511445999145508,0.0003
1173504,168,400.229987536451,317,147.19,3847,0.4531409740447998,0.44189453125,-0.03159354117233306,0.06753914,0.7314581871032715,2860,0.2,45.80630631446839,-18.132540941238403,14.794892311096191,0.0003
1175552,169,399.19761929731214,318,146.97,3847,0.45362168550491333,0.4626953125,-0.029691832885146142,0.060623,0.955790102481842,2865,0.2,58.228525972366334,-18.16065468788147,16.098997116088867,0.0003
1177600,169,399.6494434650631,319,147.13,3847,0.45387834310531616,0.32197265625,-0.027024954737862573,0.036755785,0.8633025884628296,2870,0.2,124.31504096984864,-18.183242654800416,71.69258117675781,0.0003
1179648,170,398.59157371750166,320,146.46,3847,0.4539070129394531,0.28935546875,-0.03336721165105701,0.034013517,0.9480041265487671,2875,0.2,87.64240617752075,-18.189396858215332,24.585533142089844,0.0003
1181696,170,397.2565373771742,321,145.82,3847,0.454071581363678,0.2208984375,-0.028245441790204495,0.028927257,0.7797564268112183,2880,0.2,120.45536284446716,-18.19722056388855,20.813167572021484,0.0003
1183744,171,398.56508997808646,322,146.39,3847,0.4543708562850952,0.2767578125,-0.028226900100708007,0.03342115,0.9187690615653992,2885,0.2,111.29942646026612,-18.211872005462645,26.328208923339844,0.0003
1185792,171,395.9222199121315,323,145.97,3847,0.4545036852359772,0.24833984375,-0.032958233496174216,0.021066207,0.9269178509712219,2890,0.2,166.28890209198,-18.225975608825685,95.89743041992188,0.0003
1187840,172,396.6376658723755,324,145.93,3847,0.4548178017139435,0.3033203125,-0.03377270132768899,0.04438574,0.9289456009864807,2895,0.2,73.34856309890748,-18.23787965774536,31.9306583404541,0.0003
1189888,172,396.09619659159495,325,145.76,3847,0.4550095796585083,0.22880859375,-0.03637385176552925,0.029406808,0.8334119319915771,2900,0.2,174.95945377349852,-18.256462478637694,73.15145874023438,0.0003
1191936,173,395.60369799918846,326,145.48,3848,0.45523810386657715,0.20302734375,-0.031252704188227655,0.02393902,0.9142745733261108,2905,0.2,136.25158367156982,-18.26843991279602,60.99322509765625,0.0003
1193984,174,392.73842719757783,327,144.87,3848,0.45520398020744324,0.29091796875,-0.033566949522355574,0.036350813,0.9422833323478699,2910,0.2,104.95131416320801,-18.27688694000244,46.79443359375,0.0003
1196032,174,390.79477756025483,328,144.34,3848,0.4552978575229645,0.24560546875,-0.030089110729750245,0.02437568,0.9110344052314758,2915,0.2,149.336576461792,-18.276126289367674,74.56212615966797,0.0003
1198080,175,389.8632320171412,329,143.83,3848,0.45542770624160767,0.234375,-0.032871165126562116,0.028273035,0.9443368911743164,2920,0.2,161.95620918273926,-18.283157920837404,71.99723052978516,0.0003
1200128,175,390.9224881563039,330,143.78,3848,0.45551812648773193,0.25166015625,-0.03368180451216176,0.027350174,0.9248074889183044,2925,0.2,168.87743682861327,-18.291913747787476,69.95906829833984,0.0003
1202176,176,392.234567748917,331,144.32,3849,0.4557224214076996,0.3337890625,-0.03706398289650679,0.07537574,0.9479529857635498,2930,0.2,61.31217126846313,-18.298124647140504,12.573440551757812,0.0003
1204224,176,391.18322028370807,332,144.1,3849,0.45590105652809143,0.3580078125,-0.03250052826479077,0.03946538,0.811145544052124,2935,0.2,120.98567924499511,-18.314109325408936,37.18623352050781,0.0003
1206272,177,392.8213590782896,333,144.8,3849,0.4561792016029358,0.25732421875,-0.035359896370209754,0.027349118,0.9612408876419067,2940,0.2,125.83651475906372,-18.326560163497923,68.78606414794922,0.0003
1208320,177,391.7125681682186,334,144.58,3849,0.45616433024406433,0.29951171875,-0.030829794669989495,0.027405754,0.9076065421104431,2945,0.2,89.53426294326782,-18.335841989517213,28.96944236755371,0.0003
1210368,178,397.1306104122982,335,146.44,3849,0.45648640394210815,0.41220703125,-0.03154331913683563,0.05320118,0.966031014919281,2950,0.2,59.18216400146484,-18.344173192977905,26.466495513916016,0.0003
1212416,178,395.28744064620025,336,146.23,3849,0.45658913254737854,0.2716796875,-0.03469485264504328,0.028719205,0.9332395195960999,2955,0.2,95.96854972839355,-18.3603111743927,20.824254989624023,0.0003
1214464,179,394.46146558064015,337,146.13,3850,0.45678743720054626,0.21806640625,-0.028586830280255528,0.028869607,0.901546061038971,2960,0.2,129.14776792526246,-18.36727342605591,20.85677146911621,0.0003
1216512,179,394.31437105315194,338,146.14,3850,0.45766037702560425,0.6498046875,-0.024158089607954025,0.3011834,0.9803603291511536,2965,0.2,14.326573395729065,-18.39450216293335,4.158220291137695,0.0003
1218560,180,393.34880611535164,339,146.38,3850,0.4579210579395294,0.55322265625,-0.009470284741837531,0.055726863,0.7128095626831055,2970,0.2,112.69606666564941,-18.437051153182985,70.70511627197266,0.0003
1220608,180,394.52462708931597,340,147.08,3850,0.4580717980861664,0.41669921875,-0.026134412502869964,0.053223245,0.9840540885925293,2975,0.2,37.30584444999695,-18.449467182159424,8.766621589660645,0.0003
1222656,181,392.8009999819442,341,146.83,3850,0.4581816494464874,0.42080078125,-0.032692446606233716,0.04109461,0.8118100166320801,2980,0.2,155.1835060119629,-18.458001041412352,97.63517761230469,0.0003
1224704,181,392.05205598021536,342,146.95,3850,0.4582046568393707,0.27392578125,-0.033302534744143485,0.029460069,0.9483596086502075,2985,0.2,117.44538850784302,-18.462433052062988,21.611785888671875,0.0003
1226752,182,391.82115702566557,343,146.85,3851,0.4582812786102295,0.2341796875,-0.029725029214750974,0.022142736,0.9327757954597473,2990,0.2,96.13052959442139,-18.46566481590271,34.48891830444336,0.0003
1228800,182,394.44367390883474,344,147.67,3851,0.45840972661972046,0.215625,-0.028421392873860897,0.022156317,0.9016082286834717,2995,0.2,163.3649814605713,-18.470978450775146,48.11665725708008,0.0003
1230848,183,391.88218504872464,345,147.1,3851,0.45859357714653015,0.2673828125,-0.033447351888753474,0.035611823,0.9198068380355835,3000,0.2,74.92511563301086,-18.48111228942871,55.436946868896484,0.0003
1232896,183,392.9735850482426,346,147.34,3851,0.45976611971855164,0.5890625,0.004572943539824337,0.5873159,0.8699519634246826,3005,0.2,27.176252722740173,-18.51488103866577,10.128745079040527,0.0003
1234944,184,394.05549942477774,347,147.34,3851,0.46024101972579956,0.78720703125,0.04313641134649515,0.2847797,0.6917482018470764,3010,0.2,32.904997849464415,-18.573455476760863,11.396329879760742,0.0003
1236992,185,397.55554795971403,348,148.15,3851,0.46084529161453247,0.48837890625,-0.028897099278401582,0.09431304,0.9026305675506592,3015,0.2,22.922339057922365,-18.603063774108886,9.397381782531738,0.0003
1239040,185,398.28131638517004,349,148.49,3851,0.46102064847946167,0.42666015625,-0.012843114673160017,0.04356628,0.8442577123641968,3020,0.2,78.21604614257812,-18.634346342086793,29.59939956665039,0.0003
1241088,186,394.6709223240729,350,147.57,3852,0.46120011806488037,0.25576171875,-0.029763637570431455,0.023518976,0.909611165523529,3025,0.2,84.4770869255066,-18.643449115753175,23.248611450195312,0.0003
1243136,186,393.4481238570365,351,147.15,3852,0.4614616334438324,0.26357421875,-0.03247600375325419,0.027465656,0.9559762477874756,3030,0.2,91.84639205932618,-18.65794496536255,39.2899169921875,0.0003
1245184,187,394.1519146176104,352,147.48,3852,0.46163100004196167,0.33466796875,-0.028806035791058095,0.04481826,0.9460844993591309,3035,0.2,46.60776274204254,-18.67036952972412,6.3421149253845215,0.0003
1247232,187,394.1391177878128,353,147.48,3853,0.4620440602302551,0.55556640625,-0.017169989267131314,0.17641559,0.9632572531700134,3040,0.2,32.1079758644104,-18.68666253089905,16.092439651489258,0.0003
1249280,188,393.8508327442908,354,147.48,3853,0.46260708570480347,0.503125,-0.02202788260765374,0.10283226,0.711697518825531,3045,0.2,39.056882810592654,-18.721301555633545,11.721471786499023,0.0003
1251328,188,392.0879451600875,355,146.99,3853,0.4628082513809204,0.3443359375,-0.025886571500450373,0.030338787,0.7812775373458862,3050,0.2,83.36707773208619,-18.74429597854614,12.32472038269043,0.0003
1253376,189,393.27567693300693,356,146.99,3853,0.46319323778152466,0.4240234375,-0.01566060569602996,0.071467,0.9033331274986267,3055,0.2,65.32010362148284,-18.76123571395874,29.548076629638672,0.0003
1255424,189,396.8980899518459,357,147.91,3854,0.4635574519634247,0.44208984375,-0.03218203235883266,0.0628639,0.2710251808166504,3060,0.2,53.17373423576355,-18.782592582702637,28.052663803100586,0.0003
1257472,190,400.3097555649872,358,148.99,3854,0.46390920877456665,0.48857421875,-0.01968857500469312,0.067432806,0.9403256773948669,3065,0.2,38.047584366798404,-18.806186199188232,11.609491348266602,0.0003
1259520,190,398.2310705216536,359,148.3,3854,0.46424031257629395,0.28037109375,-0.03220824336167425,0.026135836,0.8806139230728149,3070,0.2,103.03408823013305,-18.82848916053772,38.052391052246094,0.0003
1261568,191,397.5767865715188,360,147.95,3854,0.464265912771225,0.23388671875,-0.03261857179459184,0.024237659,0.958650529384613,3075,0.2,102.3073305130005,-18.841912984848022,36.38563537597656,0.0003
1263616,191,392.941742610838,361,146.37,3855,0.4643750786781311,0.1224609375,-0.030705219646915794,0.0148972925,0.8499137163162231,3080,0.2,369.6269931793213,-18.84355435371399,117.73674774169922,0.0003
1265664,192,389.9992804632157,362,145.52,3855,0.46445778012275696,0.14482421875,-0.02897048108279705,0.015765693,0.8838611841201782,3085,0.2,365.7502155303955,-18.850568532943726,150.1086883544922,0.0003
1267712,192,385.6866264713029,363,144.27,3855,0.46464595198631287,0.1857421875,-0.038895459461491554,0.02370273,0.9136031866073608,3090,0.2,266.65955390930174,-18.859249973297118,109.70064544677734,0.0003
1269760,193,383.866032305371,364,143.91,3855,0.46497783064842224,0.1953125,-0.03476627323543653,0.024482386,0.9147871732711792,3095,0.2,149.11145572662355,-18.872736549377443,82.67535400390625,0.0003
1271808,193,385.31767008715417,365,144.19,3855,0.46527236700057983,0.33408203125,-0.043914417049381885,0.046817686,0.9152284860610962,3100,0.2,75.2311297416687,-18.896347951889037,34.25883483886719,0.0003
1273856,194,386.94327885541236,366,144.45,3855,0.46529269218444824,0.23671875,-0.03396191891515628,0.023574844,0.8737609386444092,3105,0.2,146.12669849395752,-18.904389762878417,49.003482818603516,0.0003
1275904,194,384.5432653940615,367,144.0,3855,0.4655407667160034,0.28095703125,-0.036647252086549995,0.037058637,0.9282978773117065,3110,0.2,80.60749769210815,-18.912099647521973,22.58839988708496,0.0003
1277952,195,385.63235579439066,368,144.41,3856,0.46566569805145264,0.25205078125,-0.03695528255775571,0.028299522,0.9393894076347351,3115,0.2,107.73793888092041,-18.924031209945678,47.856868743896484,0.0003
1280000,195,386.83588504915036,369,144.77,3856,0.46585923433303833,0.26083984375,-0.03655680456431583,0.022422984,0.9331706762313843,3120,0.2,187.1895234107971,-18.932560443878174,26.37186050415039,0.0003
1282048,196,390.8970352046314,370,145.71,3856,0.46631553769111633,0.33837890625,-0.03881119928555563,0.060149275,0.9538795351982117,3125,0.2,55.26526827812195,-18.95077600479126,19.320283889770508,0.0003
1284096,197,392.3686079169503,371,145.81,3856,0.4666783809661865,0.52060546875,-0.021878300211392344,0.08554807,0.644904613494873,3130,0.2,51.764568996429446,-18.976942348480225,10.279656410217285,0.0003
1286144,197,387.6633844150042,372,144.37,3857,0.46686992049217224,0.29072265625,-0.03072425222489983,0.025672894,0.8739563226699829,3135,0.2,163.77943668365478,-18.997372674942017,72.02104949951172,0.0003
1288192,198,386.82264149578043,373,144.01,3857,0.4670266807079315,0.25986328125,-0.039608572027646005,0.029131815,0.923715353012085,3140,0.2,185.37577953338624,-19.005596923828126,56.99296569824219,0.0003
1290240,198,388.0729289675172,374,144.21,3857,0.4673156440258026,0.2109375,-0.03313607731834054,0.026375975,0.9233119487762451,3145,0.2,128.52816877365112,-19.019731426239012,32.287010192871094,0.0003
1292288,199,390.42389607119884,375,144.87,3857,0.46757134795188904,0.32646484375,-0.03662776972632855,0.031624798,0.9387473464012146,3150,0.2,78.64577655792236,-19.035021448135375,29.986543655395508,0.0003
1294336,199,392.3446552589409,376,145.49,3857,0.46781644225120544,0.243359375,-0.03342503923922777,0.024306051,0.9429706931114197,3155,0.2,131.62013072967528,-19.05160140991211,51.64474105834961,0.0003
1296384,200,389.2478069401298,377,144.64,3857,0.46799448132514954,0.27197265625,-0.03528553970390931,0.02625533,0.9423673152923584,3160,0.2,120.0949026107788,-19.064641427993774,33.15145492553711,0.0003
1298432,200,391.1246467616227,378,145.21,3856,0.46788525581359863,0.3646484375,-0.03991909708129242,0.06960384,0.9562761187553406,3165,0.2,40.519659233093265,-19.06644215583801,15.557992935180664,0.0003
1300480,201,395.41915438726306,379,146.65,3856,0.46881356835365295,0.48466796875,-0.021972201101016255,0.13553564,0.9100897312164307,3170,0.2,22.100122845172884,-19.085605335235595,3.784316301345825,0.0003
1302528,201,395.8321072622239,380,146.87,3856,0.4711993634700775,0.719140625,0.014324776188004762,0.995572,0.9685857892036438,3175,0.2,7.94017060995102,-19.18252568244934,1.9012813568115234,0.0003
1304576,202,394.1917746874706,381,146.45,3856,0.47190266847610474,0.75556640625,0.07910614935681223,0.37004605,0.8917323350906372,3180,0.2,175.44524908065796,-19.288320541381836,56.16177749633789,0.0003
1306624,202,391.86848416168743,382,145.56,3856,0.47200071811676025,0.18720703125,-0.030502594797872006,0.018362783,0.9237620830535889,3185,0.2,178.1056266784668,-19.304324436187745,64.70929718017578,0.0003
1308672,203,391.4611347584848,383,145.69,3857,0.4721769094467163,0.18544921875,-0.03437837618403137,0.017960332,0.8891150951385498,3190,0.2,175.70274848937987,-19.3114764213562,73.93254089355469,0.0003
1310720,203,385.7067349544995,384,144.24,3857,0.4723142385482788,0.1787109375,-0.02859859080053866,0.017203994,0.9392281174659729,3195,0.2,163.04376258850098,-19.32094511985779,41.63923645019531,0.0003
1312768,204,384.76909926044186,385,144.17,3857,0.4724520742893219,0.11962890625,-0.02787579855648801,0.012855671,0.9214910864830017,3200,0.2,199.8487693786621,-19.330029106140138,55.32487487792969,0.0003
1314816,204,378.4669220309973,386,142.35,3857,0.47240447998046875,0.1017578125,-0.0255491848802194,0.0116555,0.850408673286438,3205,0.2,413.51128540039065,-19.333132171630858,181.58274841308594,0.0003
1316864,205,374.06744683701356,387,141.01,3857,0.47240936756134033,0.131640625,-0.03266543970676139,0.015094535,0.9212446212768555,3210,0.2,295.51157035827634,-19.33059129714966,95.61219787597656,0.0003
1318912,205,374.3200276636845,388,141.4,3857,0.47249293327331543,0.130078125,-0.02915477614151314,0.013152107,0.9061707258224487,3215,0.2,343.7471206665039,-19.333342790603638,112.5081787109375,0.0003
1320960,206,376.15850757414756,389,141.79,3857,0.47236955165863037,0.2568359375,-0.04015629346249625,0.026816681,0.948814868927002,3220,0.2,113.79232139587403,-19.333052682876588,45.189453125,0.0003
1323008,207,378.61916061076283,390,142.48,3857,0.4724462032318115,0.23798828125,-0.030801635468378663,0.023457695,0.8858296275138855,3225,0.2,97.70058879852294,-19.33019051551819,34.362159729003906,0.0003
1325056,207,384.99465270105947,391,144.34,3857,0.4726311266422272,0.24482421875,-0.03499872963875532,0.027265416,0.9183727502822876,3230,0.2,80.70619506835938,-19.33856530189514,39.485069274902344,0.0003
1327104,208,383.27219188087804,392,143.59,3858,0.4726617634296417,0.27294921875,-0.035681240679696205,0.022512408,0.8495998382568359,3235,0.2,113.42835540771485,-19.344606828689574,39.322574615478516,0.0003
1329152,208,385.8599332443897,393,144.45,3858,0.47272247076034546,0.19365234375,-0.03536243147100322,0.020137552,0.9496014714241028,3240,0.2,106.37122688293456,-19.347218370437623,61.4789924621582,0.0003
1331200,209,394.56603985572156,394,147.33,3858,0.4727380573749542,0.34501953125,-0.045185770676471296,0.048923876,0.975372314453125,3245,0.2,36.001729011535645,-19.349869585037233,10.253291130065918,0.0003
1333248,209,398.81545899417256,395,148.2,3858,0.47293686866760254,0.311328125,-0.028594205202534796,0.031584866,0.7602437138557434,3250,0.2,49.96833972930908,-19.35473566055298,13.23082447052002,0.0003
1335296,210,395.7416800033627,396,147.25,3858,0.47298145294189453,0.26552734375,-0.031123977270908654,0.028733935,0.929561197757721,3255,0.2,89.53925800323486,-19.363021659851075,29.00553321838379,0.0003
1337344,210,394.9571493356619,397,146.91,3858,0.47305139899253845,0.17392578125,-0.02790967932669446,0.020182166,0.9292846918106079,3260,0.2,144.9073387145996,-19.365344953536987,35.21415328979492,0.0003
1339392,211,393.49354721942115,398,146.43,3858,0.4738660454750061,0.6310546875,-0.027706105471588673,0.23667532,0.9813178181648254,3265,0.2,17.500861406326294,-19.389877462387084,5.166607856750488,0.0003
1341440,211,396.3101856951657,399,147.46,3859,0.47423169016838074,0.53896484375,-0.006557967164553702,0.06288012,0.9032669067382812,3270,0.2,88.51904063224792,-19.43067364692688,26.13184356689453,0.0003
1343488,212,397.4153467516883,400,147.69,3859,0.4745800197124481,0.45224609375,-0.0339394208509475,0.10032516,0.9819197058677673,3275,0.2,28.86067953109741,-19.448907136917114,13.804252624511719,0.0003
1345536,212,397.7901898456325,401,147.69,3859,0.4747011363506317,0.27548828125,-0.02014135797508061,0.019249558,0.7963852882385254,3280,0.2,48.212673616409305,-19.465293645858765,12.882354736328125,0.0003
1347584,213,396.67133326437767,402,147.28,3859,0.47485488653182983,0.2337890625,-0.029984338057693093,0.023072157,0.8835368156433105,3285,0.2,107.7607933998108,-19.472001123428345,23.988637924194336,0.0003
1349632,213,399.8110262598738,403,148.22,3859,0.47494375705718994,0.21748046875,-0.029404482524842023,0.023458695,0.9319164752960205,3290,0.2,64.2910650730133,-19.479327392578124,9.035486221313477,0.0003
1351680,214,400.74243168254435,404,148.48,3859,0.4749051332473755,0.2400390625,-0.029155335226096212,0.022614349,0.8746616244316101,3295,0.2,91.53267393112182,-19.482340335845947,26.29158592224121,0.0003
1353728,214,398.18698938947205,405,147.83,3859,0.4751071035861969,0.24736328125,-0.038173915457446125,0.02908526,0.9598228335380554,3300,0.2,56.487048864364624,-19.485773706436156,23.47659683227539,0.0003
1355776,215,396.7593999062491,406,147.14,3859,0.4751986563205719,0.1646484375,-0.030098369554616512,0.017439716,0.9376134276390076,3305,0.2,184.8987455368042,-19.494431066513062,39.45389175415039,0.0003
1357824,215,394.6304331783538,407,146.04,3860,0.47510093450546265,0.20830078125,-0.03437460224376991,0.020189535,0.8857008814811707,3310,0.2,220.51125526428223,-19.494827890396117,59.00116729736328,0.0003
1359872,216,394.7850625909413,408,146.04,3859,0.47548505663871765,0.2439453125,-0.040135637228377166,0.046113674,0.9120451807975769,3315,0.2,75.20131673812867,-19.497173690795897,30.208038330078125,0.0003
1361920,217,398.7445912996539,409,146.74,3859,0.47706326842308044,0.54814453125,-0.02828806610777974,0.3449965,-0.020004868507385254,3320,0.2,11.767133438587189,-19.544911193847657,3.1370983123779297,0.0003
1363968,217,393.05392156588505,410,144.76,3860,0.47816047072410583,0.77314453125,0.046968284016475084,0.3181177,0.8023751378059387,3325,0.2,144.2133436203003,-19.65132083892822,40.74005889892578,0.0003
1366016,218,387.7371616316873,411,143.11,3860,0.47848889231681824,0.19599609375,-0.030674165464006364,0.018509233,0.9509183764457703,3330,0.2,87.55885066986085,-19.68501396179199,15.836201667785645,0.0003
1368064,218,386.5821806377139,412,142.45,3860,0.4785970449447632,0.16640625,-0.029149830550886692,0.018030379,0.9112079739570618,3335,0.2,224.73783950805665,-19.70054693222046,75.80500793457031,0.0003
1370112,219,387.0416101402037,413,142.55,3860,0.4786583483219147,0.09990234375,-0.02704405174590647,0.013269756,0.9393740296363831,3340,0.2,193.54546203613282,-19.70392460823059,53.05461120605469,0.0003
1372160,219,387.84159832232064,414,142.91,3860,0.47874292731285095,0.1466796875,-0.032676915917545554,0.01563817,0.8639779686927795,3345,0.2,293.28307456970214,-19.708906269073488,157.9866943359375,0.0003
1374208,220,383.54619936883324,415,141.68,3860,0.4786626994609833,0.1056640625,-0.028171785967424513,0.013087922,0.9220831394195557,3350,0.2,240.55594139099122,-19.709650468826293,87.8917465209961,0.0003
1376256,220,375.972001763511,416,139.49,3860,0.47867438197135925,0.108984375,-0.03088085891213268,0.011780905,0.8876954317092896,3355,0.2,342.14268493652344,-19.706317901611328,134.9656219482422,0.0003
1378304,221,379.82730824973606,417,140.81,3860,0.478691428899765,0.14482421875,-0.03653150716563687,0.018055478,0.9274203777313232,3360,0.2,267.4765941619873,-19.70876808166504,92.05345916748047,0.0003
1380352,221,381.4328577388398,418,141.31,3860,0.4788644313812256,0.18974609375,-0.03420100915245712,0.022196377,0.9206984639167786,3365,0.2,166.623459148407,-19.712808513641356,61.502357482910156,0.0003
1382400,222,386.55954228226875,419,142.96,3860,0.47903233766555786,0.18427734375,-0.03205295994412154,0.019208878,0.9349032044410706,3370,0.2,226.93081550598146,-19.724902725219728,94.97044372558594,0.0003
1384448,222,387.87190522489175,420,143.18,3860,0.4790831506252289,0.14296875,-0.031504180061165246,0.017518051,0.85789555311203,3375,0.2,167.72418823242188,-19.730401039123535,67.60271453857422,0.0003
1386496,223,387.7120957218222,421,143.14,3860,0.47937333583831787,0.205859375,-0.03856641036691144,0.023618005,0.9205456376075745,3380,0.2,121.0289228439331,-19.74047589302063,46.23014831542969,0.0003
1388544,223,388.24763910221895,422,143.18,3860,0.4795568585395813,0.19853515625,-0.036092428851407024,0.021627976,0.9485316872596741,3385,0.2,127.23478679656982,-19.754867124557496,38.9296875,0.0003
1390592,224,395.0660815472682,423,145.29,3859,0.4796425402164459,0.194140625,-0.030837308207992464,0.019662686,0.8908206820487976,3390,0.2,160.6836946487427,-19.76141223907471,48.46772384643555,0.0003
1392640,225,397.0842107472002,424,145.89,3859,0.47986119985580444,0.25859375,-0.040182688762433826,0.030083524,0.9666657447814941,3395,0.2,45.194468116760255,-19.769917583465578,8.822137832641602,0.0003
1394688,225,392.2038613729773,425,144.51,3859,0.4801134467124939,0.16162109375,-0.030293342284858228,0.015727468,0.9144302606582642,3400,0.2,242.0816276550293,-19.78322353363037,73.45040130615234,0.0003
1396736,226,388.93230327143704,426,143.74,3859,0.48041534423828125,0.15341796875,-0.033192656887695196,0.017844915,0.9613969326019287,3405,0.2,212.71684761047362,-19.799491786956786,91.34740447998047,0.0003
1398784,226,387.7484244531525,427,143.5,3859,0.4805324673652649,0.19453125,-0.03663966082967818,0.019292533,0.9507635235786438,3410,0.2,166.34777126312255,-19.812996530532835,79.53441619873047,0.0003
1400832,227,391.09917591469684,428,144.51,3859,0.48085153102874756,0.23544921875,-0.03779409914277494,0.027955905,0.850127637386322,3415,0.2,72.74518384933472,-19.82297315597534,24.40984535217285,0.0003
1402880,227,390.7729298846774,429,144.68,3859,0.4811498522758484,0.226171875,-0.03613140895031393,0.024049632,0.893581211566925,3420,0.2,132.03961868286132,-19.84341616630554,34.51708984375,0.0003
1404928,228,391.4861906595987,430,144.76,3859,0.48147475719451904,0.24990234375,-0.03615329675376415,0.03278534,0.9570444226264954,3425,0.2,76.12301635742188,-19.861635875701904,20.29737091064453,0.0003
1406976,228,391.85357944279303,431,144.82,3859,0.48142725229263306,0.4388671875,-0.034960507252253595,0.17278558,-0.10936629772186279,3430,0.2,22.55254716873169,-19.8701810836792,7.182290077209473,0.0003
1409024,229,396.25465788507114,432,146.13,3860,0.48171356320381165,0.5947265625,-0.01241755688097328,0.1216867,0.7404628396034241,3435,0.2,72.42519068717957,-19.87350172996521,24.038501739501953,0.0003
1411072,229,397.54680758304295,433,146.07,3860,0.4818662703037262,0.3892578125,-0.02204149040626362,0.037421104,0.9155638813972473,3440,0.2,145.007923412323,-19.88872675895691,44.210025787353516,0.0003
1413120,230,395.0322871113684,434,145.29,3860,0.48192059993743896,0.141796875,-0.027509635826572777,0.016215764,0.9296901822090149,3445,0.2,143.05259017944337,-19.892833042144776,69.979736328125,0.0003
1415168,230,394.58151343227036,435,145.26,3860,0.4819055497646332,0.11943359375,-0.028807233646512033,0.015833018,0.9432084560394287,3450,0.2,188.99417400360107,-19.895308876037596,66.0578384399414,0.0003
1417216,231,396.43720930593537,436,145.72,3860,0.4818410277366638,0.15703125,-0.036851908452808856,0.017663978,0.7360676527023315,3455,0.2,246.69811248779297,-19.891327810287475,103.1075210571289,0.0003
1419264,231,393.455609615328,437,145.09,3860,0.4818650484085083,0.1705078125,-0.033714420918840915,0.015044237,0.9242420196533203,3460,0.2,198.8971830368042,-19.891223239898682,70.06822204589844,0.0003
1421312,232,393.96458543933926,438,145.09,3860,0.48204684257507324,0.191796875,-0.03754236528184265,0.023408936,0.9296023845672607,3465,0.2,148.83743209838866,-19.895078706741334,69.32380676269531,0.0003
1423360,232,393.60599094047734,439,145.08,3860,0.48209699988365173,0.19052734375,-0.034643590392079204,0.024145208,0.6842846274375916,3470,0.2,180.48653888702393,-19.90367374420166,65.74873352050781,0.0003
1425408,233,397.3922472097614,440,146.35,3860,0.4820633828639984,0.2537109375,-0.03863252917071804,0.03027617,0.9075016975402832,3475,0.2,92.5956696510315,-19.904301118850707,42.07590103149414,0.0003
1427456,233,401.04101988478595,441,147.48,3860,0.4821015000343323,0.26298828125,-0.03820307429414242,0.025069453,0.9258556365966797,3480,0.2,137.60312938690186,-19.90236840248108,36.701560974121094,0.0003
1429504,234,400.03043899722064,442,147.06,3860,0.48191338777542114,0.3380859375,-0.03364519797032699,0.061795343,0.9737215042114258,3485,0.2,35.125871777534485,-19.900615310668947,15.656061172485352,0.0003
1431552,234,397.68747818254104,443,146.12,3860,0.4823286533355713,0.45244140625,-0.026826854969840497,0.053527217,0.9055726528167725,3490,0.2,69.07114768028259,-19.90518708229065,14.415947914123535,0.0003
1433600,235,396.5389816590512,444,145.75,3861,0.48241564631462097,0.2083984375,-0.029218395665520803,0.021574501,0.9052447080612183,3495,0.2,202.65253429412843,-19.92200894355774,87.29081726074219,0.0003
1435648,236,395.5730282924076,445,145.59,3861,0.48248791694641113,0.2123046875,-0.03620506157167256,0.02326833,0.9346574544906616,3500,0.2,214.7302116394043,-19.926491260528564,82.39268493652344,0.0003
1437696,236,397.006765311092,446,145.98,3861,0.48249462246894836,0.26943359375,-0.03412972678197548,0.029951723,0.9621644020080566,3505,0.2,84.2693410873413,-19.929573154449464,40.90599822998047,0.0003
1439744,237,389.7685731666835,447,143.87,3861,0.48260438442230225,0.16337890625,-0.03235729372827336,0.01851539,0.9266741871833801,3510,0.2,199.42987632751465,-19.93071403503418,44.08660888671875,0.0003
1441792,237,389.02432240323367,448,143.56,3861,0.48271217942237854,0.17900390625,-0.0319075019331649,0.022868358,0.9364180564880371,3515,0.2,211.81571044921876,-19.939495182037355,98.52175903320312,0.0003
1443840,238,388.2508006044235,449,143.31,3860,0.48271873593330383,0.17470703125,-0.03587496289983392,0.022538902,0.9230071902275085,3520,0.2,160.95408115386962,-19.94262299537659,64.51457214355469,0.0003
1445888,238,388.59974420307844,450,143.72,3859,0.48294663429260254,0.24560546875,-0.04044390262570232,0.028015608,0.9083556532859802,3525,0.2,178.73386344909667,-19.949245262145997,76.90206146240234,0.0003
1447936,239,391.60029551581744,451,144.43,3859,0.48327523469924927,0.31787109375,-0.04060054738074541,0.038595073,0.975186824798584,3530,0.2,72.24858417510987,-19.967608404159545,31.11780548095703,0.0003
1449984,239,390.95787789799846,452,144.4,3859,0.4833116829395294,0.286328125,-0.03565048546297476,0.0320497,0.930050790309906,3535,0.2,98.67571516036988,-19.978173828125,48.90226745605469,0.0003
1452032,240,391.4844952917127,453,144.4,3859,0.48354393243789673,0.3056640625,-0.039566993503831326,0.06566368,0.9498117566108704,3540,0.2,60.775128698349,-19.982626485824586,26.652502059936523,0.0003
1454080,240,397.6627639395255,454,146.43,3859,0.4844810962677002,0.54169921875,-0.026415279414504767,0.20526741,0.22312498092651367,3545,0.2,26.518188762664796,-20.01186556816101,8.99339485168457,0.0003
1456128,241,397.06781919542203,455,146.43,3859,0.4849623441696167,0.45234375,-0.02250341393519193,0.04095541,0.8730302453041077,3550,0.2,126.01089420318604,-20.060180854797363,37.25193786621094,0.0003
1458176,241,396.8616737311255,456,146.38,3859,0.48508697748184204,0.270703125,-0.03707125252112746,0.027272163,0.9599789977073669,3555,0.2,95.18946542739869,-20.072047805786134,20.27164077758789,0.0003
1460224,242,399.2193468707288,457,147.25,3859,0.485060453414917,0.267578125,-0.03261210706550628,0.030542243,0.81125807762146,3560,0.2,119.837291431427,-20.074533462524414,32.735538482666016,0.0003
1462272,243,396.8028900392136,458,146.65,3859,0.48532384634017944,0.23759765625,-0.03579362891614437,0.024108766,0.8994547128677368,3565,0.2,122.08536891937256,-20.080498695373535,51.48834991455078,0.0003
1464320,243,398.3004684909984,459,147.01,3859,0.4856027364730835,0.20595703125,-0.03225359655916691,0.026828706,0.8995488882064819,3570,0.2,132.91153507232667,-20.096782970428468,31.505298614501953,0.0003
1466368,244,396.56832102337603,460,146.6,3859,0.48587867617607117,0.27119140625,-0.033145253162365405,0.028243747,0.9519425630569458,3575,0.2,67.69862022399903,-20.111959981918336,25.82497215270996,0.0003
1468416,244,398.4072389373674,461,147.03,3859,0.48637065291404724,0.31591796875,-0.028920273913536222,0.039763566,0.9396101832389832,3580,0.2,37.04155514240265,-20.134631395339966,14.362444877624512,0.0003
1470464,245,397.4746656924046,462,146.71,3859,0.48662257194519043,0.30556640625,-0.02802544969599694,0.027193785,0.9401651620864868,3585,0.2,72.63647384643555,-20.15955443382263,24.90281867980957,0.0003
1472512,245,399.94321370288907,463,147.5,3859,0.48697760701179504,0.30615234375,-0.03365654535591602,0.03429678,0.9113584756851196,3590,0.2,68.50021958351135,-20.17715139389038,19.57893180847168,0.0003
1474560,246,395.9676458139179,464,146.09,3860,0.48721641302108765,0.2294921875,-0.030171155114658177,0.021976339,0.8693913817405701,3595,0.2,185.50224437713624,-20.191999530792238,48.462215423583984,0.0003
1476608,246,396.5832560069004,465,146.07,3860,0.4874982535839081,0.237890625,-0.03541436681989581,0.031830717,0.9293858408927917,3600,0.2,82.90261907577515,-20.209168004989625,35.49953842163086,0.0003
1478656,247,397.1191693465142,466,146.13,3860,0.4875829219818115,0.25966796875,-0.03558988336008042,0.028505819,0.9249774813652039,3605,0.2,200.94676551818847,-20.21765480041504,33.911956787109375,0.0003
1480704,247,396.909933671834,467,146.01,3860,0.48802369832992554,0.35166015625,-0.03561411581467837,0.11236665,0.8461068868637085,3610,0.2,37.43677549362182,-20.22797260284424,7.852473258972168,0.0003
1482752,248,397.05971164969856,468,146.06,3860,0.48875975608825684,0.49248046875,-0.009484653919935226,0.064664125,0.9293022751808167,3615,0.2,39.66077387332916,-20.269695568084718,10.963133811950684,0.0003
1484800,248,394.7716777821628,469,145.4,3860,0.4891306161880493,0.33798828125,-0.025078331306576728,0.03352844,0.8396574854850769,3620,0.2,82.47367076873779,-20.30291352272034,30.349414825439453,0.0003
1486848,249,395.3104859175091,470,145.52,3861,0.4894980788230896,0.30791015625,-0.026206101768184453,0.03661762,0.9683383703231812,3625,0.2,42.71865305900574,-20.32274212837219,5.48544979095459,0.0003
1488896,249,396.8722539600228,471,146.19,3861,0.4898350238800049,0.3384765625,-0.02432260464411229,0.054822706,0.749413251876831,3630,0.2,107.94939823150635,-20.34479937553406,72.42178344726562,0.0003
1490944,250,396.6318562018458,472,146.42,3861,0.4900442957878113,0.26669921875,-0.03283514003269374,0.02980329,0.926631510257721,3635,0.2,128.35448808670043,-20.36145725250244,35.963748931884766,0.0003
1492992,250,397.3464765098768,473,146.76,3861,0.49097123742103577,0.419921875,-0.03804886566940695,0.10936029,0.9579192399978638,3640,0.2,42.39863548278809,-20.38918137550354,15.417890548706055,0.0003
1495040,251,399.4203557643931,474,147.29,3861,0.49104636907577515,0.50986328125,-0.0198080203961581,0.41237167,0.8592246770858765,3645,0.2,29.428305673599244,-20.42328119277954,6.470268249511719,0.0003
1497088,251,396.73470038012266,475,146.31,3861,0.49159106612205505,0.5640625,-0.02089988482184708,0.13750322,0.34000200033187866,3650,0.2,31.171122121810914,-20.440502214431763,5.3031511306762695,0.0003
1499136,252,397.9166021395579,476,146.52,3861,0.49199989438056946,0.44658203125,-0.023558121360838413,0.047906183,0.9564599394798279,3655,0.2,49.48479747772217,-20.475421142578124,19.607662200927734,0.0003
1501184,252,399.7505783426575,477,147.0,3861,0.4922344386577606,0.6412109375,-0.004769424075493589,0.16761139,0.9677757620811462,3660,0.2,21.97428205013275,-20.48540668487549,4.565657615661621,0.0003
1503232,253,401.40824515948617,478,147.4,3861,0.4926553964614868,0.4294921875,-0.02919211583212018,0.046437368,0.74598228931427,3665,0.2,98.05321874618531,-20.51258502006531,26.570903778076172,0.0003
1505280,254,401.74098935614785,479,147.32,3861,0.4929053485393524,0.18818359375,-0.03053406310500577,0.02058592,0.9046332240104675,3670,0.2,175.88320903778077,-20.533463144302367,62.14267349243164,0.0003
1507328,254,402.114514190609,480,147.22,3861,0.4930000901222229,0.2509765625,-0.032915760774631056,0.03061755,0.9625792503356934,3675,0.2,78.72559604644775,-20.54285674095154,20.47480010986328,0.0003
1509376,255,399.8042169953312,481,146.42,3862,0.4932558834552765,0.33173828125,-0.03481910414993763,0.041376043,0.9400908946990967,3680,0.2,61.57814955711365,-20.552086114883423,21.31022834777832,0.0003
1511424,255,402.11155393458836,482,146.94,3862,0.4934055209159851,0.5015625,-0.0313237817492336,0.09266402,0.9494982957839966,3685,0.2,32.06347925662995,-20.561666870117186,7.032946586608887,0.0003
1513472,256,399.67722455444454,483,146.07,3862,0.4937472939491272,0.2330078125,-0.02863749729003757,0.025892762,0.8582391142845154,3690,0.2,162.58686809539796,-20.577410316467287,53.911014556884766,0.0003
1515520,256,397.20060521655796,484,145.35,3862,0.4940643012523651,0.23798828125,-0.03181241526035592,0.026396831,0.9557998776435852,3695,0.2,116.71138648986816,-20.59577593803406,43.757198333740234,0.0003
1517568,257,396.74905647360436,485,145.01,3862,0.49411287903785706,0.19990234375,-0.032559235848020764,0.024599474,0.9410387873649597,3700,0.2,146.30230903625488,-20.60742211341858,46.61351013183594,0.0003
1519616,257,395.7986925609758,486,144.55,3862,0.4942489564418793,0.2451171875,-0.037031800451222806,0.03197549,0.8913260102272034,3705,0.2,109.29981079101563,-20.61115550994873,45.3089599609375,0.0003
1521664,258,396.05681636294116,487,144.65,3862,0.49464720487594604,0.285546875,-0.03018286791630089,0.03733612,0.9519375562667847,3710,0.2,66.0902792930603,-20.625966119766236,37.22904968261719,0.0003
1523712,258,397.6569715359975,488,145.21,3862,0.49505776166915894,0.36943359375,-0.03203381198691204,0.046807617,0.8479394316673279,3715,0.2,41.489275217056274,-20.649949407577516,16.60915756225586,0.0003
1525760,259,392.2374585375097,489,143.72,3862,0.49529126286506653,0.27255859375,-0.03100838849786669,0.028975949,0.8656586408615112,3720,0.2,166.3702522277832,-20.66778678894043,68.77758026123047,0.0003
1527808,259,394.0800878407292,490,144.32,3862,0.495376855134964,0.216015625,-0.03507581627927721,0.022731911,0.9576238989830017,3725,0.2,129.66246814727782,-20.676311922073364,59.5364990234375,0.0003
1529856,260,394.54515479045716,491,144.49,3861,0.49555420875549316,0.31015625,-0.02764406951609999,0.035890035,0.8653759360313416,3730,0.2,133.57708587646485,-20.681701040267946,46.34730529785156,0.0003
1531904,260,396.96179261724205,492,145.28,3862,0.495709091424942,0.26796875,-0.034109471389092504,0.042457156,0.9337606430053711,3735,0.2,71.22589344978333,-20.693086004257204,20.897197723388672,0.0003
1533952,261,395.41679886373356,493,145.18,3862,0.49595358967781067,0.312109375,-0.02528834731783718,0.036182422,0.8880015015602112,3740,0.2,71.54516460895539,-20.70403871536255,40.783329010009766,0.0003
1536000,261,392.3666705244964,494,144.3,3862,0.4961607754230499,0.23544921875,-0.03222025416325778,0.025558673,0.931098222732544,3745,0.2,159.98894901275634,-20.717372274398805,40.25980758666992,0.0003
1538048,262,391.4605023555349,495,144.07,3862,0.49627721309661865,0.25361328125,-0.034220818802714346,0.025541285,0.9459801316261292,3750,0.2,172.76145610809326,-20.726408767700196,34.13814163208008,0.0003
1540096,263,396.58924375786984,496,145.92,3862,0.49632740020751953,0.4048828125,-0.02722703667823225,0.04963436,0.9218215346336365,3755,0.2,78.7652488708496,-20.732430458068848,13.817387580871582,0.0003
1542144,263,394.56312480056795,497,145.42,3862,0.49633124470710754,0.2798828125,-0.03773648520000279,0.028209489,0.920011043548584,3760,0.2,184.43658294677735,-20.731748819351196,92.17118835449219,0.0003
1544192,264,396.0560790796496,498,145.84,3862,0.49650880694389343,0.25966796875,-0.0384069751133211,0.03298964,0.9496428966522217,3765,0.2,81.28952798843383,-20.73716049194336,25.383459091186523,0.0003
1546240,264,391.1215076919565,499,144.58,3862,0.4967491030693054,0.23232421875,-0.03618589347461239,0.024744023,0.9125665426254272,3770,0.2,168.89899063110352,-20.74782614707947,36.1805534362793,0.0003
1548288,265,391.82539447996385,500,144.64,3862,0.49695003032684326,0.2291015625,-0.039970724610611796,0.027622562,0.9239251017570496,3775,0.2,218.85983390808104,-20.762187337875368,81.14879608154297,0.0003
1550336,265,393.1732314094731,501,145.33,3861,0.49718210101127625,0.2791015625,-0.04433072885731235,0.028778676,0.9260886311531067,3780,0.2,212.07323455810547,-20.772085094451903,86.51213836669922,0.0003
1552384,266,394.7534146194464,502,145.8,3861,0.49747782945632935,0.248046875,-0.04057255662046373,0.03383511,0.9447546005249023,3785,0.2,173.76604995727538,-20.78788776397705,57.22722244262695,0.0003
1554432,266,394.97811299103057,503,145.88,3861,0.49765074253082275,0.25634765625,-0.04079588419990614,0.033158705,0.813159167766571,3790,0.2,141.90204391479492,-20.80305528640747,61.04029083251953,0.0003
1556480,267,395.48012165165676,504,146.06,3861,0.49801480770111084,0.33134765625,-0.046558194397948685,0.04173629,0.8922385573387146,3795,0.2,109.38922786712646,-20.814573955535888,49.4324951171875,0.0003
1558528,267,394.81635177502125,505,145.98,3861,0.4983067214488983,0.268359375,-0.03551405688631348,0.027680572,0.9623114466667175,3800,0.2,113.43547945022583,-20.837660360336304,33.93894958496094,0.0003
1560576,268,398.06822867858654,506,146.75,3861,0.4985511004924774,0.41396484375,-0.03459249922889285,0.14523365,0.8973802924156189,3805,0.2,48.6725251197815,-20.84755687713623,17.21291160583496,0.0003
1562624,268,402.716733433441,507,148.11,3861,0.500396192073822,0.7267578125,0.008798713912256062,1.450393,0.07932019233703613,3810,0.2,6.850206190347672,-20.899203777313232,1.6086835861206055,0.0003
1564672,269,403.7414443413591,508,148.35,3861,0.5019007921218872,0.7533203125,0.01964780646376312,0.28106588,0.5275585651397705,3815,0.2,14.340683627128602,-21.014199113845827,3.6818346977233887,0.0003
1566720,269,405.13976210640993,509,148.62,3860,0.502236545085907,0.43232421875,-0.029339473776053636,0.0663621,0.9311971068382263,3820,0.2,17.867040991783142,-21.060897541046142,5.338884353637695,0.0003
1568768,270,404.9085152986347,510,148.62,3858,0.5030522346496582,0.7236328125,0.01851243500132114,1.328894,0.4253445267677307,3825,0.2,4.3748695850372314,-21.078238773345948,1.581275463104248,0.0003
1570816,271,402.4618261884349,511,147.89,3858,0.5031937956809998,0.884765625,0.11345674782060086,2.5629363,0.8039906024932861,3830,0.2,149.7892535209656,-21.11649646759033,27.460126876831055,0.0003
1572864,271,388.63019694818684,512,143.97,3858,0.5031946897506714,0.0591796875,-0.015291495772544295,0.008957625,0.8536841869354248,3835,0.2,752.3973945617676,-21.11992688179016,251.29086303710938,0.0003
